iShares Core S&P Small-Cap ETF,,,,,,,,,,,
Inception Date,"May 22, 2000",,,,,,,,,,
Fund Holdings as of,"Feb 28, 2017",,,,,,,,,,
Total Net Assets,"29,672,631,354.10",,,,,,,,,,
Shares Outstanding,"426,900,000.00",,,,,,,,,,
Stock,-,,,,,,,,,,
Bond,-,,,,,,,,,,
Cash,-,,,,,,,,,,
Other,-,,,,,,,,,,
 ,,,,,,,,,,,
Ticker,Name,Asset Class,Weight (%),Price,Shares,Market Value,Notional Value,Sector,SEDOL,ISIN,Exchange
TTWO,TAKE-TWO INTERACTIVE SOFTWARE INC.,Equity,0.79,56.98,4099837.00,"233,608,712.26","233,608,712.26",Information Technology,2122117,US8740541094,NASDAQ
COHR,COHERENT INC.,Equity,0.61,182.58,994103.00,"181,503,325.74","181,503,325.74",Information Technology,2208374,US1924791031,NASDAQ
TCBI,TEXAS CAPITAL BANCSHARES INC.,Equity,0.6,89.15,1990641.00,"177,465,645.15","177,465,645.15",Financials,2977209,US88224Q1076,NASDAQ
MASI,MASIMO CORP.,Equity,0.55,90.36,1793752.00,"162,083,430.72","162,083,430.72",Health Care,B1YWR63,US5747951003,NASDAQ
WTFC,WINTRUST FINANCIAL CORP.,Equity,0.52,73.7,2102209.00,"154,932,803.30","154,932,803.30",Financials,2425258,US97650W1080,NASDAQ
PDCE,PDC ENERGY INC,Equity,0.51,67.59,2263764.00,"153,007,808.76","153,007,808.76",Energy,B89M5F2,US69327R1014,NASDAQ
MDCO,MEDICINES CO.,Equity,0.5,52.42,2830065.00,"148,352,007.30","148,352,007.30",Health Care,2616773,US5846881051,NASDAQ
UBSI,UNITED BANKSHARES INC.,Equity,0.49,44.75,3286357.00,"147,064,475.75","147,064,475.75",Financials,2905794,US9099071071,NASDAQ
SLCA,US SILICA HOLDINGS INC,Equity,0.49,50.57,2901194.00,"146,713,380.58","146,713,380.58",Energy,B7GGNT0,US90346E1038,New York Stock Exchange Inc.
GEO,GEO GROUP REIT INC,Equity,0.49,47.61,3052174.00,"145,314,004.14","145,314,004.14",Real Estate,BNLYWQ1,US36162J1060,New York Stock Exchange Inc.
MKSI,MKS INSTRUMENTS INC.,Equity,0.48,65.6,2179865.00,"142,999,144.00","142,999,144.00",Information Technology,2404871,US55306N1046,NASDAQ
HOMB,HOME BANCSHARES INC.,Equity,0.48,28.14,5028237.00,"141,494,589.18","141,494,589.18",Financials,B17MTL9,US4368932004,NASDAQ
BLKB,BLACKBAUD INC.,Equity,0.47,71.52,1935846.00,"138,451,705.92","138,451,705.92",Information Technology,2458878,US09227Q1004,NASDAQ
ALE,ALLETE INC.,Equity,0.45,67.21,2004270.00,"134,706,986.70","134,706,986.70",Utilities,B02R1L6,US0185223007,New York Stock Exchange Inc.
STL,STERLING BAN,Equity,0.44,24.75,5322588.00,"131,734,053.00","131,734,053.00",Financials,BFNXVB8,US85917A1007,New York Stock Exchange Inc.
PNFP,PINNACLE FINANCIAL PARTNERS INC.,Equity,0.44,69.4,1873479.00,"130,019,442.60","130,019,442.60",Financials,2675097,US72346Q1040,NASDAQ
EVR,EVERCORE PARTNERS INC. CL A,Equity,0.42,79.55,1583871.00,"125,996,938.05","125,996,938.05",Financials,B1BHXZ2,US29977A1051,New York Stock Exchange Inc.
CACI,CACI INTERNATIONAL INC. CL A,Equity,0.42,125.4,991740.00,"124,364,196.00","124,364,196.00",Information Technology,2159267,US1271903049,New York Stock Exchange Inc.
COR,CORESITE REALTY CORP.,Equity,0.42,90.07,1378824.00,"124,190,677.68","124,190,677.68",Real Estate,B3T3VV8,US21870Q1058,New York Stock Exchange Inc.
MDSO,MEDIDATA SOLUTIONS INC.,Equity,0.42,55.92,2216779.00,"123,962,281.68","123,962,281.68",Health Care,B5424Q0,US58471A1051,NASDAQ
PRA,PROASSURANCE CORP.,Equity,0.41,59.1,2073889.00,"122,566,839.90","122,566,839.90",Financials,2612737,US74267C1062,New York Stock Exchange Inc.
SR,SPIRE INC,Equity,0.41,65.9,1855943.00,"122,306,643.70","122,306,643.70",Utilities,BYXJQG9,US84857L1017,New York Stock Exchange Inc.
HCSG,HEALTHCARE SERVICES GROUP INC.,Equity,0.41,41.38,2954539.00,"122,258,823.82","122,258,823.82",Industrials,2417619,US4219061086,NASDAQ
CMD,CANTEL MEDICAL CORP,Equity,0.41,82.11,1475600.00,"121,161,516.00","121,161,516.00",Health Care,2188153,US1380981084,New York Stock Exchange Inc.
FFIN,FIRST FINANCIAL BANKSHARES INC.,Equity,0.4,44,2687455.00,"118,248,020.00","118,248,020.00",Financials,2266026,US32020R1095,NASDAQ
CHE,CHEMED CORP.,Equity,0.39,178.55,657145.00,"117,333,239.75","117,333,239.75",Health Care,2190084,US16359R1032,New York Stock Exchange Inc.
SANM,SANMINA CORP.,Equity,0.39,39,2980597.00,"116,243,283.00","116,243,283.00",Information Technology,B92RRW2,US8010561020,NASDAQ
GBCI,GLACIER BANCORP INC.,Equity,0.39,36.92,3112932.00,"114,929,449.44","114,929,449.44",Financials,2370585,US37637Q1058,NASDAQ
BGS,B AND G FOODS INC,Equity,0.39,42.5,2702764.00,"114,867,470.00","114,867,470.00",Consumer Staples,B034L49,US05508R1068,New York Stock Exchange Inc.
WAGE,WAGEWORKS INC,Equity,0.39,77,1490556.00,"114,772,812.00","114,772,812.00",Industrials,B6WG4R2,US9304271094,New York Stock Exchange Inc.
SJI,SOUTH JERSEY INDUSTRIES INC.,Equity,0.38,35.02,3224746.00,"112,930,604.92","112,930,604.92",Utilities,2825933,US8385181081,New York Stock Exchange Inc.
BCPC,BALCHEM CORP.,Equity,0.38,87.17,1285479.00,"112,055,204.43","112,055,204.43",Materials,2072074,US0576652004,NASDAQ
HOPE,HOPE BANCORP INC,Equity,0.37,21.4,5169978.00,"110,637,529.20","110,637,529.20",Financials,BYN87K7,US43940T1097,NASDAQ
CBU,COMMUNITY BANK SYSTEM INC.,Equity,0.36,59.41,1805444.00,"107,261,428.04","107,261,428.04",Financials,2222062,US2036071064,New York Stock Exchange Inc.
LCII,LCI INDUSTRIES,Equity,0.36,107.7,995493.00,"107,214,596.10","107,214,596.10",Consumer Discretionary,BYQ44Y5,US50189K1034,New York Stock Exchange Inc.
JBT,JOHN BEAN TECHNOLOGIES CORP.,Equity,0.36,89.4,1182791.00,"105,741,515.40","105,741,515.40",Industrials,B3BRJZ8,US4778391049,New York Stock Exchange Inc.
HA,HAWAIIAN HOLDINGS INC.,Equity,0.36,48.65,2169153.00,"105,529,293.45","105,529,293.45",Industrials,2408044,US4198791018,NASDAQ
AKS,AK STEEL HOLDING CORP.,Equity,0.35,8.33,12646569.00,"105,345,919.77","105,345,919.77",Materials,2067735,US0015471081,New York Stock Exchange Inc.
AKR,ACADIA REALTY TRUST REIT,Equity,0.35,32.03,3275156.00,"104,903,246.68","104,903,246.68",Real Estate,2566522,US0042391096,New York Stock Exchange Inc.
AVA,AVISTA CORP.,Equity,0.35,39.87,2614056.00,"104,222,412.72","104,222,412.72",Utilities,2942605,US05379B1070,New York Stock Exchange Inc.
IART,INTEGRA LIFESCIENCES HOLDINGS CORP,Equity,0.35,42.74,2435807.00,"104,106,391.18","104,106,391.18",Health Care,2248693,US4579852082,NASDAQ
GWB,GREAT WESTERN BANCORP INC,Equity,0.34,42.74,2391496.00,"102,212,539.04","102,212,539.04",Financials,BRHZ1X6,US3914161043,New York Stock Exchange Inc.
B,BARNES GROUP INC.,Equity,0.34,50.11,2035567.00,"102,002,262.37","102,002,262.37",Industrials,2080732,US0678061096,New York Stock Exchange Inc.
IBKR,INTERACTIVE BROKERS GROUP INC.,Equity,0.34,36.71,2769168.00,"101,656,157.28","101,656,157.28",Financials,B1WT4X2,US45841N1072,NASDAQ
LITE,LUMENTUM HOLDINGS INC,Equity,0.34,45.9,2208182.00,"101,355,553.80","101,355,553.80",Information Technology,BYM9ZP2,US55024U1097,NASDAQ
FUL,H.B. FULLER CO.,Equity,0.34,49.41,2048378.00,"101,210,356.98","101,210,356.98",Materials,2354664,US3596941068,New York Stock Exchange Inc.
WWW,WOLVERINE WORLD WIDE INC.,Equity,0.34,25.17,4020579.00,"101,197,973.43","101,197,973.43",Consumer Discretionary,2977500,US9780971035,New York Stock Exchange Inc.
ONB,OLD NATIONAL BANCORP,Equity,0.34,18.35,5497644.00,"100,881,767.40","100,881,767.40",Financials,2658441,US6800331075,NASDAQ
AIT,APPLIED INDUSTRIAL TECHNOLOGIES IN,Equity,0.34,63.05,1588895.00,"100,179,829.75","100,179,829.75",Industrials,2086309,US03820C1053,New York Stock Exchange Inc.
NEOG,NEOGEN CORP.,Equity,0.34,64.86,1535981.00,"99,623,727.66","99,623,727.66",Health Care,2630085,US6404911066,NASDAQ
AEIS,ADVANCED ENERGY INDUSTRIES INC.,Equity,0.34,62.1,1604043.00,"99,611,070.30","99,611,070.30",Information Technology,2049175,US0079731008,NASDAQ
BCO,THE BRINKS COMPANY,Equity,0.33,53.45,1823203.00,"97,450,200.35","97,450,200.35",Industrials,2691305,US1096961040,New York Stock Exchange Inc.
CVBF,CVB FINANCIAL CORP.,Equity,0.33,23.75,4096898.00,"97,301,327.50","97,301,327.50",Financials,2160645,US1266001056,NASDAQ
LXP,LEXINGTON REALTY TRUST REIT,Equity,0.33,11.16,8692544.00,"97,008,791.04","97,008,791.04",Real Estate,2139151,US5290431015,New York Stock Exchange Inc.
MLI,MUELLER INDUSTRIES INC.,Equity,0.33,41.82,2318975.00,"96,979,534.50","96,979,534.50",Industrials,2609717,US6247561029,New York Stock Exchange Inc.
AXE,ANIXTER INTERNATIONAL INC.,Equity,0.32,83.3,1158006.00,"96,461,899.80","96,461,899.80",Information Technology,2468844,US0352901054,New York Stock Exchange Inc.
FNGN,FINANCIAL ENGINES INC,Equity,0.32,44.3,2165866.00,"95,947,863.80","95,947,863.80",Financials,B65V2X6,US3174851002,NASDAQ
DORM,DORMAN PRODUCTS INC.,Equity,0.32,78.16,1226695.00,"95,878,481.20","95,878,481.20",Consumer Discretionary,2718594,US2582781009,NASDAQ
EGP,EASTGROUP PROPERTIES INC.,Equity,0.32,74.34,1279169.00,"95,093,423.46","95,093,423.46",Real Estate,2455761,US2772761019,New York Stock Exchange Inc.
COLB,COLUMBIA BANKING SYSTEM INC.,Equity,0.32,39.89,2361196.00,"94,188,108.44","94,188,108.44",Financials,2176608,US1972361026,NASDAQ
VIAV,VIAVI SOLUTIONS INC,Equity,0.32,10.02,9362029.00,"93,807,530.58","93,807,530.58",Information Technology,BYXB201,US9255501051,NASDAQ
ASGN,ON ASSIGNMENT INC.,Equity,0.32,47.19,1984100.00,"93,629,679.00","93,629,679.00",Industrials,2658720,US6821591087,New York Stock Exchange Inc.
TTEK,TETRA TECH INC.,Equity,0.31,40.25,2325405.00,"93,597,551.25","93,597,551.25",Industrials,2883890,US88162G1031,NASDAQ
HI,HILLENBRAND INC.,Equity,0.31,36.35,2568810.00,"93,376,243.50","93,376,243.50",Industrials,B2QGDP1,US4315711089,New York Stock Exchange Inc.
VAC,MARRIOTT VACATIONS WORLDWIDE CORP.,Equity,0.31,93.93,990189.00,"93,008,452.77","93,008,452.77",Consumer Discretionary,B45K9N8,US57164Y1073,New York Stock Exchange Inc.
ALGT,ALLEGIANT TRAVEL CO.,Equity,0.31,174.1,532693.00,"92,741,851.30","92,741,851.30",Industrials,B15M2C3,US01748X1028,NASDAQ
ABM,ABM INDUSTRIES INC.,Equity,0.31,40.79,2271772.00,"92,665,579.88","92,665,579.88",Industrials,2024901,US0009571003,New York Stock Exchange Inc.
PSB,PS BUSINESS PARKS REIT INC,Equity,0.31,116.21,795616.00,"92,458,535.36","92,458,535.36",Real Estate,2707956,US69360J1079,New York Stock Exchange Inc.
NGVT,INGEVITY CORP,Equity,0.31,53.97,1703082.00,"91,915,335.54","91,915,335.54",Materials,BD4LHG4,US45688C1071,New York Stock Exchange Inc.
ROIC,RETAIL OPPORTUNITY INVESTMENTS COR,Equity,0.31,22,4170656.00,"91,754,432.00","91,754,432.00",Real Estate,B28YD08,US76131N1019,NASDAQ
LAD,LITHIA MOTORS INC. CL A,Equity,0.31,95.67,952323.00,"91,108,741.41","91,108,741.41",Consumer Discretionary,2515030,US5367971034,New York Stock Exchange Inc.
RLI,RLI CORP.,Equity,0.31,58.45,1556367.00,"90,969,651.15","90,969,651.15",Financials,2719070,US7496071074,New York Stock Exchange Inc.
ICUI,ICU MEDICAL INC.,Equity,0.3,150.4,600161.00,"90,264,214.40","90,264,214.40",Health Care,2451918,US44930G1076,NASDAQ
TIVO,TIVO CORP,Equity,0.3,18.5,4869317.00,"90,082,364.50","90,082,364.50",Information Technology,BD8FFY6,US88870P1066,NASDAQ
SMTC,SEMTECH CORP.,Equity,0.3,33.45,2653627.00,"88,763,823.15","88,763,823.15",Information Technology,2795542,US8168501018,NASDAQ
DRH,DIAMONDROCK HOSPITALITY CO.,Equity,0.3,10.87,8163514.00,"88,737,397.18","88,737,397.18",Real Estate,B090B96,US2527843013,New York Stock Exchange Inc.
MOG.A,MOOG INC. CL A,Equity,0.3,67.58,1309971.00,"88,527,840.18","88,527,840.18",Industrials,2601218,US6153942023,New York Stock Exchange Inc.
EFII,ELECTRONICS FOR IMAGING INC.,Equity,0.3,46.07,1905967.00,"87,807,899.69","87,807,899.69",Information Technology,2310202,US2860821022,NASDAQ
KNX,KNIGHT TRANSPORTATION INC.,Equity,0.3,32.7,2682003.00,"87,701,498.10","87,701,498.10",Industrials,2487690,US4990641031,New York Stock Exchange Inc.
FCFS,FIRSTCASH INC,Equity,0.29,44.35,1973405.00,"87,520,511.75","87,520,511.75",Financials,BZCG9B4,US33767D1054,New York Stock Exchange Inc.
ITRI,ITRON INC.,Equity,0.29,64.7,1350978.00,"87,408,276.60","87,408,276.60",Information Technology,2471949,US4657411066,NASDAQ
DAR,DARLING INGREDIENTS INC,Equity,0.29,13.01,6709497.00,"87,290,555.97","87,290,555.97",Consumer Staples,2250289,US2372661015,New York Stock Exchange Inc.
PLAY,DAVE AND BUSTERS ENTERTAINMENT INC,Equity,0.29,57.19,1509935.00,"86,353,182.65","86,353,182.65",Consumer Discretionary,B8SW166,US2383371091,NASDAQ
FIVE,FIVE BELOW INC,Equity,0.29,38.55,2235093.00,"86,162,835.15","86,162,835.15",Consumer Discretionary,B85KFY9,US33829M1018,NASDAQ
MATW,MATTHEWS INTERNATIONAL CORP. CL A,Equity,0.29,65.85,1307633.00,"86,107,633.05","86,107,633.05",Industrials,2568090,US5771281012,NASDAQ
SWC,STILLWATER MINING,Equity,0.28,17.06,4885965.00,"83,354,562.90","83,354,562.90",Materials,2810531,US86074Q1022,New York Stock Exchange Inc.
UCBI,UNITED COMMUNITY BANKS INC.,Equity,0.28,28.89,2882814.00,"83,284,496.46","83,284,496.46",Financials,2862156,US90984P3038,NASDAQ
UNF,UNIFIRST CORP.,Equity,0.28,133.1,625142.00,"83,206,400.20","83,206,400.20",Industrials,2466428,US9047081040,New York Stock Exchange Inc.
SHOO,STEVEN MADDEN LTD.,Equity,0.28,37.35,2224573.00,"83,087,801.55","83,087,801.55",Consumer Discretionary,2553911,US5562691080,NASDAQ
NKTR,NEKTAR THERAPEUTICS,Equity,0.27,13.08,6231088.00,"81,502,631.04","81,502,631.04",Health Care,2454445,US6402681083,NASDAQ
CATM,CARDTRONICS PLC CLASS A,Equity,0.27,44.08,1846428.00,"81,390,546.24","81,390,546.24",Information Technology,BYT1841,GB00BYT18414,NASDAQ
JJSF,J&J SNACK FOODS CORP.,Equity,0.27,133.8,608010.00,"81,351,738.00","81,351,738.00",Consumer Staples,2469171,US4660321096,NASDAQ
TREX,TREX INC CO,Equity,0.27,68.01,1195839.00,"81,329,010.39","81,329,010.39",Industrials,2483074,US89531P1057,New York Stock Exchange Inc.
ILG,ILG INC,Equity,0.27,18.88,4297064.00,"81,128,568.32","81,128,568.32",Consumer Discretionary,BYT3YH2,US44967H1014,NASDAQ
KS,KAPSTONE PAPER & PACKAGING CORP.,Equity,0.27,22.6,3584097.00,"81,000,592.20","81,000,592.20",Materials,B0L2NP0,US48562P1030,New York Stock Exchange Inc.
LGND,LIGAND PHARMACEUTICALS INC.,Equity,0.27,104.63,773580.00,"80,939,675.40","80,939,675.40",Health Care,2501578,US53220K5048,NASDAQ
EE,EL PASO ELECTRIC CO.,Equity,0.27,48.85,1655440.00,"80,868,244.00","80,868,244.00",Utilities,2851808,US2836778546,New York Stock Exchange Inc.
STMP,STAMPS.COM INC.,Equity,0.27,126.1,639667.00,"80,662,008.70","80,662,008.70",Information Technology,B013D75,US8528572006,NASDAQ
CRZO,CARRIZO OIL AND GAS INC,Equity,0.27,32.55,2477439.00,"80,640,639.45","80,640,639.45",Energy,2092801,US1445771033,NASDAQ
ZLTQ,ZELTIQ AESTHETICS INC,Equity,0.27,55.36,1452818.00,"80,428,004.48","80,428,004.48",Health Care,B715V43,US98933Q1085,NASDAQ
FMBI,FIRST MIDWEST BANCORP,Equity,0.27,24.43,3290608.00,"80,389,553.44","80,389,553.44",Financials,2341439,US3208671046,NASDAQ
AMN,AMN HEALTHCARE INC,Equity,0.27,41.15,1953118.00,"80,370,805.70","80,370,805.70",Health Care,2813552,US0017441017,New York Stock Exchange Inc.
CPS,COOPER STANDARD HOLDINGS INC,Equity,0.27,112,716589.00,"80,257,968.00","80,257,968.00",Consumer Discretionary,B51JS17,US21676P1030,New York Stock Exchange Inc.
UFPI,UNIVERSAL FOREST PRODUCTS INC.,Equity,0.27,95.81,828573.00,"79,385,579.13","79,385,579.13",Industrials,2906496,US9135431040,NASDAQ
HAE,HAEMONETICS CORP.,Equity,0.26,37.33,2106271.00,"78,627,096.43","78,627,096.43",Health Care,2401195,US4050241003,New York Stock Exchange Inc.
IIVI,II-VI INC.,Equity,0.26,35.6,2200347.00,"78,332,353.20","78,332,353.20",Information Technology,2452698,US9021041085,NASDAQ
LTC,LTC PROPERTIES INC.,Equity,0.26,48.24,1601994.00,"77,280,190.56","77,280,190.56",Real Estate,2498788,US5021751020,New York Stock Exchange Inc.
PRAA,PRA GROUP INC,Equity,0.26,40.8,1889735.00,"77,101,188.00","77,101,188.00",Financials,BSHZ3P9,US69354N1063,NASDAQ
SAFM,SANDERSON FARMS INC.,Equity,0.26,95.04,810343.00,"77,014,998.72","77,014,998.72",Consumer Staples,2774336,US8000131040,NASDAQ
PLXS,PLEXUS CORP.,Equity,0.26,56.07,1366612.00,"76,625,934.84","76,625,934.84",Information Technology,2692160,US7291321005,NASDAQ
KRG,KITE REALTY GROUP TRUST REIT,Equity,0.26,22.65,3372287.00,"76,382,300.55","76,382,300.55",Real Estate,BPBSZJ1,US49803T3005,New York Stock Exchange Inc.
GK,G & K SERVICES INC. SHS -A-,Equity,0.26,94.5,802371.00,"75,824,059.50","75,824,059.50",Industrials,2357317,US3612681052,NASDAQ
HQY,HEALTHEQUITY INC,Equity,0.25,43.7,1734095.00,"75,779,951.50","75,779,951.50",Health Care,BP8XZL1,US42226A1079,NASDAQ
MNRO,MONRO MUFFLER BRAKE INC.,Equity,0.25,57.5,1317292.00,"75,744,290.00","75,744,290.00",Consumer Discretionary,2600088,US6102361010,NASDAQ
NWBI,NORTHWEST BANCSHARES INC.,Equity,0.25,18.14,4132013.00,"74,954,715.82","74,954,715.82",Financials,B523Z73,US6673401039,NASDAQ
POWI,POWER INTEGRATIONS INC.,Equity,0.25,63.2,1182679.00,"74,745,312.80","74,745,312.80",Information Technology,2133045,US7392761034,NASDAQ
SFBS,SERVISFIRST BANCSHARES INC,Equity,0.25,41.57,1796075.00,"74,662,837.75","74,662,837.75",Financials,BMH0MP5,US81768T1088,NASDAQ
BOFI,BOFI HOLDING INC.,Equity,0.25,31.54,2350045.00,"74,120,419.30","74,120,419.30",Financials,B0637D4,US05566U1088,NASDAQ
SKYW,SKYWEST INC.,Equity,0.25,35.15,2108284.00,"74,106,182.60","74,106,182.60",Industrials,2814210,US8308791024,NASDAQ
BRC,BRADY CORP. CL A,Equity,0.25,38.25,1933903.00,"73,971,789.75","73,971,789.75",Industrials,2117726,US1046741062,New York Stock Exchange Inc.
NTGR,NETGEAR INC.,Equity,0.25,54.8,1349125.00,"73,932,050.00","73,932,050.00",Information Technology,2688363,US64111Q1040,NASDAQ
PLCE,CHILDRENS PLACE INC,Equity,0.25,101.3,729371.00,"73,885,282.30","73,885,282.30",Consumer Discretionary,2106791,US1689051076,NASDAQ
SIGI,SELECTIVE INSURANCE GROUP INC.,Equity,0.25,44.3,1665566.00,"73,784,573.80","73,784,573.80",Financials,2766173,US8163001071,NASDAQ
MSTR,MICROSTRATEGY INC.,Equity,0.25,191.88,383034.00,"73,496,563.92","73,496,563.92",Information Technology,2974329,US5949724083,NASDAQ
CBM,CAMBREX CORP.,Equity,0.25,56.35,1300895.00,"73,305,433.25","73,305,433.25",Health Care,2165811,US1320111073,New York Stock Exchange Inc.
KFY,KORN/FERRY INTERNATIONAL,Equity,0.25,30.91,2365319.00,"73,112,010.29","73,112,010.29",Industrials,2386849,US5006432000,New York Stock Exchange Inc.
WTS,WATTS WATER TECHNOLOGIES INC. CL A,Equity,0.24,63.95,1132834.00,"72,444,734.30","72,444,734.30",Industrials,2943620,US9427491025,New York Stock Exchange Inc.
SBRA,SABRA HEALTHCARE REIT INC.,Equity,0.24,27.2,2663089.00,"72,436,020.80","72,436,020.80",Real Estate,B5NLBP6,US78573L1061,NASDAQ
LTXB,LEGACYTEXAS FINANCIAL GROUP INC,Equity,0.24,42.59,1695402.00,"72,207,171.18","72,207,171.18",Financials,BV2CL41,US52471Y1064,NASDAQ
AAT,AMERICAN ASSETS TRUST REIT INC,Equity,0.24,44,1638644.00,"72,100,336.00","72,100,336.00",Real Estate,B3NTLD4,US0240131047,New York Stock Exchange Inc.
CWT,CALIFORNIA WATER SERVICE GROUP,Equity,0.24,36.75,1959313.00,"72,004,752.75","72,004,752.75",Utilities,2165383,US1307881029,New York Stock Exchange Inc.
INDB,INDEPENDENT BANK CORP.,Equity,0.24,65,1103061.00,"71,698,965.00","71,698,965.00",Financials,2447821,US4538361084,NASDAQ
SSD,SIMPSON MANUFACTURING CO.,Equity,0.24,43.16,1650811.00,"71,249,002.76","71,249,002.76",Industrials,2809250,US8290731053,New York Stock Exchange Inc.
NBTB,NBT BANCORP INC.,Equity,0.24,40.38,1760049.00,"71,070,778.62","71,070,778.62",Financials,2626459,US6287781024,NASDAQ
MRCY,MERCURY SYSTEMS INC.,Equity,0.24,37.36,1899887.00,"70,979,778.32","70,979,778.32",Industrials,2144047,US5893781089,NASDAQ
KWR,QUAKER CHEMICAL CORP.,Equity,0.24,131.68,538926.00,"70,965,775.68","70,965,775.68",Materials,2715186,US7473161070,New York Stock Exchange Inc.
XPER,XPERI CORP,Equity,0.24,35.85,1967663.00,"70,540,718.55","70,540,718.55",Information Technology,BYXQNK3,US98421B1008,NASDAQ
FFBC,FIRST FINANCIAL BANCORP (OHIO),Equity,0.24,27.75,2530848.00,"70,231,032.00","70,231,032.00",Financials,2352806,US3202091092,NASDAQ
NWN,NORTHWEST NATURAL GAS CO.,Equity,0.24,60.1,1165760.00,"70,062,176.00","70,062,176.00",Utilities,2649586,US6676551046,New York Stock Exchange Inc.
SFNC,SIMMONS FIRST NATIONAL CORP CLASS,Equity,0.23,57.5,1213427.00,"69,772,052.50","69,772,052.50",Financials,2810133,US8287302009,NASDAQ
HW,HEADWATERS INC.,Equity,0.23,23,3029061.00,"69,668,403.00","69,668,403.00",Materials,2229773,US42210P1021,New York Stock Exchange Inc.
CCOI,COGENT COMMUNICATIONS HOLDINGS INC,Equity,0.23,41.45,1670260.00,"69,232,277.00","69,232,277.00",Telecommunications,B06RWD1,US19239V3024,NASDAQ
UVV,UNIVERSAL CORP.,Equity,0.23,67.7,1021782.00,"69,174,641.40","69,174,641.40",Consumer Staples,2923804,US9134561094,New York Stock Exchange Inc.
AF,ASTORIA FINANCIAL CORP.,Equity,0.23,18.49,3725264.00,"68,880,131.36","68,880,131.36",Financials,2052689,US0462651045,New York Stock Exchange Inc.
ABCB,AMERIS BANCORP,Equity,0.23,48.3,1424884.00,"68,821,897.20","68,821,897.20",Financials,2038849,US03076K1088,NASDAQ
HMN,HORACE MANN EDUCATORS CORP.,Equity,0.23,41.9,1635637.00,"68,533,190.30","68,533,190.30",Financials,2437112,US4403271046,New York Stock Exchange Inc.
HUBG,HUB GROUP INC. CL A,Equity,0.23,50.5,1339972.00,"67,668,586.00","67,668,586.00",Industrials,2407632,US4433201062,NASDAQ
CCMP,CABOT MICROELECTRONICS CORP.,Equity,0.23,69.22,977295.00,"67,648,359.90","67,648,359.90",Information Technology,2572381,US12709P1030,NASDAQ
AEL,AMERICAN EQUITY INVESTMENT LIFE HO,Equity,0.23,26.91,2512897.00,"67,622,058.27","67,622,058.27",Financials,2191300,US0256762065,New York Stock Exchange Inc.
APOG,APOGEE ENTERPRISES INC.,Equity,0.23,57.18,1172326.00,"67,033,600.68","67,033,600.68",Industrials,2046176,US0375981091,NASDAQ
PLKI,POPEYES LOUISIANA KITCHEN INC,Equity,0.23,79.01,846792.00,"66,905,035.92","66,905,035.92",Consumer Discretionary,BJ4YHV0,US7328721060,NASDAQ
AWR,AMERICAN STATES WATER CO.,Equity,0.22,44.72,1492705.00,"66,753,767.60","66,753,767.60",Utilities,2267171,US0298991011,New York Stock Exchange Inc.
SYRG,SYNERGY RESOURCES CORP,Equity,0.22,8.17,8104827.00,"66,216,436.59","66,216,436.59",Energy,B296BJ8,US87164P1030,Nyse Mkt Llc
BYD,BOYD GAMING CORP.,Equity,0.22,19.67,3340624.00,"65,710,074.08","65,710,074.08",Consumer Discretionary,2117232,US1033041013,New York Stock Exchange Inc.
FELE,FRANKLIN ELECTRIC CO. INC.,Equity,0.22,41.9,1566854.00,"65,651,182.60","65,651,182.60",Industrials,2350383,US3535141028,NASDAQ
MGLN,MAGELLAN HEALTH INC,Equity,0.22,69.15,947946.00,"65,550,465.90","65,550,465.90",Health Care,2307787,US5590792074,NASDAQ
BLD,TOPBUILD CORP,Equity,0.22,41.98,1552346.00,"65,167,485.08","65,167,485.08",Consumer Discretionary,BZ0P3W2,US89055F1030,New York Stock Exchange Inc.
PFS,PROVIDENT FINANCIAL SERVICES INC.,Equity,0.22,26.55,2452497.00,"65,113,795.35","65,113,795.35",Financials,2171603,US74386T1051,New York Stock Exchange Inc.
SCAI,SURGICAL CARE AFFILIATES INC,Equity,0.22,56.72,1136016.00,"64,434,827.52","64,434,827.52",Health Care,BFTDJM9,US86881L1061,NASDAQ
HMSY,HMS HOLDINGS CORP.,Equity,0.22,18.63,3457985.00,"64,422,260.55","64,422,260.55",Health Care,2418043,US40425J1016,NASDAQ
NSP,INSPERITY INC.,Equity,0.22,83.25,770340.00,"64,130,805.00","64,130,805.00",Industrials,2007281,US45778Q1076,New York Stock Exchange Inc.
CYNO,CYNOSURE INC. CL A,Equity,0.22,66,970431.00,"64,048,446.00","64,048,446.00",Health Care,B0T4N70,US2325772059,NASDAQ
IOSP,INNOSPEC INC.,Equity,0.22,65.3,979681.00,"63,973,169.30","63,973,169.30",Materials,2245597,US45768S1050,NASDAQ
ATU,ACTUANT CORP. CL A,Equity,0.22,26.55,2408497.00,"63,945,595.35","63,945,595.35",Industrials,2716792,US00508X2036,New York Stock Exchange Inc.
WDFC,WD-40 CO.,Equity,0.21,109.9,578700.00,"63,599,130.00","63,599,130.00",Consumer Staples,2944742,US9292361071,NASDAQ
SEM,SELECT MEDICAL HOLDINGS CORPORATIO,Equity,0.21,14.4,4379278.00,"63,061,603.20","63,061,603.20",Health Care,B4MF0Q6,US81619Q1058,New York Stock Exchange Inc.
GPI,GROUP 1 AUTOMOTIVE INC.,Equity,0.21,77.69,808677.00,"62,826,116.13","62,826,116.13",Consumer Discretionary,2121352,US3989051095,New York Stock Exchange Inc.
BANR,BANNER CORP.,Equity,0.21,58.12,1076156.00,"62,546,186.72","62,546,186.72",Financials,2346003,US06652V2088,NASDAQ
IRBT,IROBOT CORP.,Equity,0.21,57.08,1092812.00,"62,377,708.96","62,377,708.96",Consumer Discretionary,B0J2NS5,US4627261005,NASDAQ
MEI,METHODE ELECTRONICS INC.,Equity,0.21,41.5,1502848.00,"62,368,192.00","62,368,192.00",Information Technology,2583297,US5915202007,New York Stock Exchange Inc.
FN,FABRINET,Equity,0.21,41.55,1499234.00,"62,293,172.70","62,293,172.70",Information Technology,B4JSZL8,KYG3323L1005,New York Stock Exchange Inc.
SFLY,SHUTTERFLY INC.,Equity,0.21,45.38,1370939.00,"62,213,211.82","62,213,211.82",Consumer Discretionary,B188HK1,US82568P3047,NASDAQ
BHE,BENCHMARK ELECTRONICS INC.,Equity,0.21,31.1,1995116.00,"62,048,107.60","62,048,107.60",Information Technology,2090816,US08160H1014,New York Stock Exchange Inc.
AZZ,AZZ INC.,Equity,0.21,58.65,1057948.00,"62,048,650.20","62,048,650.20",Industrials,2067672,US0024741045,New York Stock Exchange Inc.
AXL,AMERICAN AXLE & MANUFACTURING HOLD,Equity,0.21,19.82,3122179.00,"61,881,587.78","61,881,587.78",Consumer Discretionary,2382416,US0240611030,New York Stock Exchange Inc.
FWRD,FORWARD AIR CORP.,Equity,0.21,49.55,1238060.00,"61,345,873.00","61,345,873.00",Industrials,2510790,US3498531017,NASDAQ
NSIT,INSIGHT ENTERPRISES INC.,Equity,0.21,42.36,1448172.00,"61,344,565.92","61,344,565.92",Information Technology,2475060,US45765U1034,NASDAQ
EXLS,EXLSERVICE HOLDINGS INC.,Equity,0.21,44.66,1368533.00,"61,118,683.78","61,118,683.78",Information Technology,B07LST0,US3020811044,NASDAQ
CORE,CORE-MARK HOLDING CO. INC.,Equity,0.2,32.52,1869660.00,"60,801,343.20","60,801,343.20",Consumer Discretionary,B0637B2,US2186811046,NASDAQ
WABC,WESTAMERICA BANCORP,Equity,0.2,57.85,1048556.00,"60,658,964.60","60,658,964.60",Financials,2950374,US9570901036,NASDAQ
OLLI,OLLIES BARGAIN OUTLET HOLDINGS INC,Equity,0.2,31.35,1927159.00,"60,416,434.65","60,416,434.65",Consumer Discretionary,BZ22B38,US6811161099,NASDAQ
ROG,ROGERS CORP.,Equity,0.2,82.51,731816.00,"60,382,138.16","60,382,138.16",Information Technology,2746700,US7751331015,New York Stock Exchange Inc.
SCL,STEPAN CO.,Equity,0.2,75.61,794674.00,"60,085,301.14","60,085,301.14",Materials,2845005,US8585861003,New York Stock Exchange Inc.
EXPO,EXPONENT INC.,Equity,0.2,57.45,1045496.00,"60,063,745.20","60,063,745.20",Industrials,2330318,US30214U1025,NASDAQ
MATX,MATSON INC.,Equity,0.2,33.93,1751190.00,"59,417,876.70","59,417,876.70",Industrials,B8GNC91,US57686G1058,New York Stock Exchange Inc.
CHSP,CHESAPEAKE LODGING TRUST REIT,Equity,0.2,24.16,2453785.00,"59,283,445.60","59,283,445.60",Real Estate,B4TC8L1,US1652401027,New York Stock Exchange Inc.
MINI,MOBILE MINI INC.,Equity,0.2,32.55,1815599.00,"59,097,747.45","59,097,747.45",Industrials,2548177,US60740F1057,NASDAQ
BRKS,BROOKS AUTOMATION INC.,Equity,0.2,20.86,2816074.00,"58,743,303.64","58,743,303.64",Information Technology,2145460,US1143401024,NASDAQ
KLIC,KULICKE AND SOFFA INDUSTRIES INC,Equity,0.2,20.47,2866500.00,"58,677,255.00","58,677,255.00",Information Technology,2498001,US5012421013,NASDAQ
BPFH,BOSTON PRIVATE FINANCIAL HOLDINGS,Equity,0.2,17.2,3383593.00,"58,197,799.60","58,197,799.60",Financials,2081133,US1011191053,NASDAQ
FLOW,SPX FLOW INC,Equity,0.2,34,1711284.00,"58,183,656.00","58,183,656.00",Industrials,BYMN2T7,US78469X1072,New York Stock Exchange Inc.
AAWW,ATLAS AIR WORLDWIDE HOLDINGS,Equity,0.2,56.85,1020093.00,"57,992,287.05","57,992,287.05",Industrials,B01Z8P4,US0491642056,NASDAQ
FIX,COMFORT SYSTEMS USA INC.,Equity,0.19,38.15,1512286.00,"57,693,710.90","57,693,710.90",Industrials,2036047,US1999081045,New York Stock Exchange Inc.
KAMN,KAMAN CORP.,Equity,0.19,51.77,1107100.00,"57,314,567.00","57,314,567.00",Industrials,2483223,US4835481031,New York Stock Exchange Inc.
KALU,KAISER ALUMINUM CORP.,Equity,0.19,78.83,725845.00,"57,218,361.35","57,218,361.35",Materials,B15CJ33,US4830077040,NASDAQ
PRGS,PROGRESS SOFTWARE CORP.,Equity,0.19,28.68,1984919.00,"56,927,476.92","56,927,476.92",Information Technology,2705198,US7433121008,NASDAQ
EBIX,EBIX INC.,Equity,0.19,62.5,910328.00,"56,895,500.00","56,895,500.00",Information Technology,2008400,US2787152063,NASDAQ
ESE,ESCO TECHNOLOGIES INC.,Equity,0.19,54.2,1048486.00,"56,827,941.20","56,827,941.20",Industrials,2321583,US2963151046,New York Stock Exchange Inc.
NPO,ENPRO INDUSTRIES INC.,Equity,0.19,65.28,867941.00,"56,659,188.48","56,659,188.48",Industrials,2951292,US29355X1072,New York Stock Exchange Inc.
OMCL,OMNICELL INC.,Equity,0.19,38.02,1484213.00,"56,437,199.32","56,437,199.32",Health Care,2789523,US68213N1090,NASDAQ
UNT,UNIT CORP.,Equity,0.19,27.14,2074405.00,"56,299,351.70","56,299,351.70",Energy,2925833,US9092181091,New York Stock Exchange Inc.
RMBS,RAMBUS INC.,Equity,0.19,12.56,4473416.00,"56,186,104.96","56,186,104.96",Information Technology,2721967,US7509171069,NASDAQ
TGI,TRIUMPH GROUP INC.,Equity,0.19,27.8,2015847.00,"56,040,546.60","56,040,546.60",Industrials,2893071,US8968181011,New York Stock Exchange Inc.
OSIS,OSI SYSTEMS INC.,Equity,0.19,75.42,739839.00,"55,798,657.38","55,798,657.38",Information Technology,2111579,US6710441055,NASDAQ
NTRI,NUTRISYSTEM INC.,Equity,0.19,46.5,1197793.00,"55,697,374.50","55,697,374.50",Consumer Discretionary,2620398,US67069D1081,NASDAQ
MMSI,MERIT MEDICAL SYSTEMS INC.,Equity,0.19,30.8,1806413.00,"55,637,520.40","55,637,520.40",Health Care,2580555,US5898891040,NASDAQ
AJRD,AEROJET ROCKETDYNE HOLDINGS INC,Equity,0.19,19.39,2864519.00,"55,543,023.41","55,543,023.41",Industrials,BWD7PX9,US0078001056,New York Stock Exchange Inc.
TTMI,TTM TECHNOLOGIES INC.,Equity,0.19,16.16,3421410.00,"55,289,985.60","55,289,985.60",Information Technology,2635659,US87305R1095,NASDAQ
EGHT,8X8 INC.,Equity,0.19,15.1,3652133.00,"55,147,208.30","55,147,208.30",Information Technology,2037170,US2829141009,NASDAQ
MTH,MERITAGE HOMES CORP.,Equity,0.18,35.55,1537967.00,"54,674,726.85","54,674,726.85",Consumer Discretionary,2601326,US59001A1025,New York Stock Exchange Inc.
AMED,AMEDISYS INC.,Equity,0.18,48.22,1131052.00,"54,539,327.44","54,539,327.44",Health Care,2024332,US0234361089,NASDAQ
FSP,FRANKLIN STREET PROPERTIES REIT CO,Equity,0.18,12.39,4393738.00,"54,438,413.82","54,438,413.82",Real Estate,B02T2D1,US35471R1068,Nyse Mkt Llc
MYGN,MYRIAD GENETICS INC.,Equity,0.18,19.43,2798436.00,"54,373,611.48","54,373,611.48",Health Care,2614153,US62855J1043,NASDAQ
FCPT,FOUR CORNERS PROPERTY INC TRUST,Equity,0.18,22.18,2439483.00,"54,107,732.94","54,107,732.94",Real Estate,BZ16HK0,US35086T1097,New York Stock Exchange Inc.
THRM,GENTHERM INC,Equity,0.18,36.25,1492276.00,"54,095,005.00","54,095,005.00",Consumer Discretionary,B8JFD24,US37253A1034,NASDAQ
TASR,TASER INTERNATIONAL INC.,Equity,0.18,25.67,2100114.00,"53,909,926.38","53,909,926.38",Industrials,2767198,US87651B1044,NASDAQ
PRLB,PROTO LABS INC,Equity,0.18,54.6,986105.00,"53,841,333.00","53,841,333.00",Industrials,B6T6J81,US7437131094,New York Stock Exchange Inc.
AAON,AAON INC.,Equity,0.18,33.65,1597005.00,"53,739,218.25","53,739,218.25",Industrials,2268130,US0003602069,NASDAQ
LZB,LA-Z-BOY INC,Equity,0.18,27,1990337.00,"53,739,099.00","53,739,099.00",Consumer Discretionary,2508405,US5053361078,New York Stock Exchange Inc.
CUB,CUBIC CORP.,Equity,0.18,52.55,1020944.00,"53,650,607.20","53,650,607.20",Industrials,2239266,US2296691064,New York Stock Exchange Inc.
EGOV,NIC INC.,Equity,0.18,21.1,2534350.00,"53,474,785.00","53,474,785.00",Information Technology,2438126,US62914B1008,NASDAQ
AIN,ALBANY INTERNATIONAL CORP. CL A,Equity,0.18,45.35,1179073.00,"53,470,960.55","53,470,960.55",Industrials,2012757,US0123481089,New York Stock Exchange Inc.
SPTN,SPARTANNASH,Equity,0.18,34.9,1530947.00,"53,430,050.30","53,430,050.30",Consumer Staples,BN40158,US8472151005,NASDAQ
WNC,WABASH NATIONAL CORP.,Equity,0.18,21.15,2525899.00,"53,422,763.85","53,422,763.85",Industrials,2932048,US9295661071,New York Stock Exchange Inc.
SSP,E.W. SCRIPPS CO. CL A,Equity,0.18,23.03,2318221.00,"53,388,629.63","53,388,629.63",Consumer Discretionary,2862532,US8110544025,New York Stock Exchange Inc.
VREX,VAREX IMAGING CORP,Equity,0.18,34.82,1528559.00,"53,224,424.38","53,224,424.38",Health Care,BDQYWV1,US92214X1063,NASDAQ
INN,SUMMIT HOTEL PROPERTIES INC.,Equity,0.18,15.39,3452075.00,"53,127,434.25","53,127,434.25",Real Estate,B3M7R64,US8660821005,New York Stock Exchange Inc.
ADC,AGREE REALTY CORP.,Equity,0.18,49.63,1068304.00,"53,019,927.52","53,019,927.52",Real Estate,2062161,US0084921008,New York Stock Exchange Inc.
GDOT,GREEN DOT CORP. CL A,Equity,0.18,29.31,1806676.00,"52,953,673.56","52,953,673.56",Financials,B3WNNP3,US39304D1028,New York Stock Exchange Inc.
CAL,CALERES INC,Equity,0.18,29.87,1772626.00,"52,948,338.62","52,948,338.62",Consumer Discretionary,BWX4MD9,US1295001044,New York Stock Exchange Inc.
ROCK,GIBRALTAR INDUSTRIES INC.,Equity,0.18,41.45,1274812.00,"52,840,957.40","52,840,957.40",Industrials,2369226,US3746891072,NASDAQ
ABG,ASBURY AUTOMOTIVE GROUP INC.,Equity,0.18,65.15,806028.00,"52,512,724.20","52,512,724.20",Consumer Discretionary,2855855,US0434361046,New York Stock Exchange Inc.
CSGS,CSG SYSTEMS INTERNATIONAL INC.,Equity,0.17,39.41,1318562.00,"51,964,528.42","51,964,528.42",Information Technology,2210885,US1263491094,NASDAQ
AIRM,AIR METHODS CORP.,Equity,0.17,37.85,1353988.00,"51,248,445.80","51,248,445.80",Health Care,2049777,US0091283079,NASDAQ
SUPN,SUPERNUS PHARMACEUTICALS INC,Equity,0.17,25.7,1993810.00,"51,240,917.00","51,240,917.00",Health Care,B72ZBG4,US8684591089,NASDAQ
SWM,SCHWEITZER-MAUDUIT INTERNATIONAL I,Equity,0.17,41.03,1248073.00,"51,208,435.19","51,208,435.19",Materials,2782038,US8085411069,New York Stock Exchange Inc.
STBA,S&T BANCORP INC.,Equity,0.17,35.59,1429016.00,"50,858,679.44","50,858,679.44",Financials,2781109,US7838591011,NASDAQ
FCF,FIRST COMMONWEALTH FINANCIAL CORP.,Equity,0.17,13.93,3646693.00,"50,798,433.49","50,798,433.49",Financials,2351546,US3198291078,New York Stock Exchange Inc.
TNC,TENNANT CO.,Equity,0.17,70.25,717222.00,"50,384,845.50","50,384,845.50",Industrials,2883641,US8803451033,New York Stock Exchange Inc.
AMSF,AMERISAFE INC.,Equity,0.17,64.3,780048.00,"50,157,086.40","50,157,086.40",Financials,B0PPHS6,US03071H1005,NASDAQ
NP,NEENAH PAPER INC.,Equity,0.17,73.25,684653.00,"50,150,832.25","50,150,832.25",Materials,B03W0P7,US6400791090,New York Stock Exchange Inc.
XXIA,IXIA,Equity,0.17,19.6,2553188.00,"50,042,484.80","50,042,484.80",Information Technology,2654245,US45071R1095,NASDAQ
ACOR,ACORDA THERAPEUTICS INC.,Equity,0.17,26.45,1886445.00,"49,896,470.25","49,896,470.25",Health Care,2925844,US00484M1062,NASDAQ
SXI,STANDEX INTERNATIONAL CORP.,Equity,0.17,95.5,522300.00,"49,879,650.00","49,879,650.00",Industrials,2840174,US8542311076,New York Stock Exchange Inc.
BABY,NATUS MEDICAL INC.,Equity,0.17,37.02,1345817.00,"49,828,874.42","49,828,874.42",Health Care,2771133,US6390501038,NASDAQ
TILE,INTERFACE INC.,Equity,0.17,18.9,2635684.00,"49,814,427.60","49,814,427.60",Industrials,B86V808,US4586653044,NASDAQ
NAVG,NAVIGATORS GROUP INC.,Equity,0.17,55.05,903920.00,"49,760,796.00","49,760,796.00",Financials,2627850,US6389041020,NASDAQ
SCHL,SCHOLASTIC CORP.,Equity,0.17,45.06,1103711.00,"49,733,217.66","49,733,217.66",Consumer Discretionary,2779234,US8070661058,NASDAQ
EIG,EMPLOYERS HOLDINGS INC.,Equity,0.17,37.6,1314469.00,"49,424,034.40","49,424,034.40",Financials,B1Q1RR9,US2922181043,New York Stock Exchange Inc.
GCO,GENESCO INC.,Equity,0.17,58.3,843363.00,"49,168,062.90","49,168,062.90",Consumer Discretionary,2367101,US3715321028,New York Stock Exchange Inc.
MDC,M.D.C. HOLDINGS INC.,Equity,0.17,29.19,1680779.00,"49,061,939.01","49,061,939.01",Consumer Discretionary,2561204,US5526761086,New York Stock Exchange Inc.
ASTE,ASTEC INDUSTRIES INC,Equity,0.16,63.17,774063.00,"48,897,559.71","48,897,559.71",Industrials,2060370,US0462241011,NASDAQ
SAIA,SAIA INC.,Equity,0.16,48.35,1007888.00,"48,731,384.80","48,731,384.80",Industrials,2982399,US78709Y1055,NASDAQ
GBX,GREENBRIER INC,Equity,0.16,42.05,1158632.00,"48,720,475.60","48,720,475.60",Industrials,2387530,US3936571013,New York Stock Exchange Inc.
AMWD,AMERICAN WOODMARK CORP.,Equity,0.16,86.45,562448.00,"48,623,629.60","48,623,629.60",Industrials,2030674,US0305061097,NASDAQ
RRD,RR DONNELLEY AND SONS,Equity,0.16,16.77,2850929.00,"47,810,079.33","47,810,079.33",Industrials,BYND5W0,US2578672006,New York Stock Exchange Inc.
PATK,PATRICK INDUSTRIES INC,Equity,0.16,79.85,592676.00,"47,325,178.60","47,325,178.60",Industrials,2673154,US7033431039,NASDAQ
RH,RH,Equity,0.16,30.44,1553917.00,"47,301,233.48","47,301,233.48",Consumer Discretionary,BYXR425,US74967X1037,New York Stock Exchange Inc.
SONC,SONIC CORP.,Equity,0.16,25.28,1869376.00,"47,257,825.28","47,257,825.28",Consumer Discretionary,2821113,US8354511052,NASDAQ
SNCR,SYNCHRONOSS TECHNOLOGIES INC.,Equity,0.16,27.08,1721446.00,"46,616,757.68","46,616,757.68",Information Technology,B17BCQ2,US87157B1035,NASDAQ
CNSL,CONSOLIDATED COMMUNICATIONS HOLDIN,Equity,0.16,22.55,2066911.00,"46,608,843.05","46,608,843.05",Telecommunications,B07LSQ7,US2090341072,NASDAQ
CALM,CAL-MAINE FOODS INC.,Equity,0.15,37.95,1213243.00,"46,042,571.85","46,042,571.85",Consumer Staples,2158781,US1280302027,NASDAQ
ABAX,ABAXIS INC.,Equity,0.15,49.85,922967.00,"46,009,904.95","46,009,904.95",Health Care,2011550,US0025671050,NASDAQ
GIII,G III APPAREL GROUP LTD,Equity,0.15,25.73,1788113.00,"46,008,147.49","46,008,147.49",Consumer Discretionary,2369721,US36237H1014,NASDAQ
HSC,HARSCO CORP.,Equity,0.15,14.1,3260620.00,"45,974,742.00","45,974,742.00",Industrials,2412700,US4158641070,New York Stock Exchange Inc.
WD,WALKER & DUNLOP INC.,Equity,0.15,40.65,1129826.00,"45,927,426.90","45,927,426.90",Financials,B4TZV44,US93148P1021,New York Stock Exchange Inc.
PEI,PENNSYLVANIA REAL ESTATE INVESTMEN,Equity,0.15,16.5,2772042.00,"45,738,693.00","45,738,693.00",Real Estate,2680767,US7091021078,New York Stock Exchange Inc.
BOBE,BOB EVANS FARMS INC.,Equity,0.15,56.73,805436.00,"45,692,384.28","45,692,384.28",Consumer Discretionary,2107750,US0967611015,NASDAQ
TLRD,TAILORED BRANDS INC,Equity,0.15,23.11,1975690.00,"45,658,195.90","45,658,195.90",Consumer Discretionary,BZ8FLW0,US87403A1079,New York Stock Exchange Inc.
BRKL,BROOKLINE BANCORP INC.,Equity,0.15,15.85,2877587.00,"45,609,753.95","45,609,753.95",Financials,2967675,US11373M1071,NASDAQ
ECOL,US ECOLOGY INC.,Equity,0.15,50.75,891105.00,"45,223,578.75","45,223,578.75",Industrials,2772396,US91732J1025,NASDAQ
CYH,COMMUNITY HEALTH SYSTEMS INC.,Equity,0.15,9.75,4625115.00,"45,094,871.25","45,094,871.25",Health Care,2600248,US2036681086,New York Stock Exchange Inc.
TMP,TOMPKINS FINANCIAL CORP,Equity,0.15,89.72,501990.00,"45,038,542.80","45,038,542.80",Financials,2888613,US8901101092,Nyse Mkt Llc
SPXC,SPX CORP,Equity,0.15,26.38,1706179.00,"45,009,002.02","45,009,002.02",Industrials,2787185,US7846351044,New York Stock Exchange Inc.
AIR,AAR CORP.,Equity,0.15,34.42,1306079.00,"44,955,239.18","44,955,239.18",Industrials,2001119,US0003611052,New York Stock Exchange Inc.
NCI,NAVIGANT CONSULTING INC.,Equity,0.15,23.3,1929422.00,"44,955,532.60","44,955,532.60",Industrials,2564797,US63935N1072,New York Stock Exchange Inc.
TBI,TRUEBLUE INC.,Equity,0.15,25.95,1728082.00,"44,843,727.90","44,843,727.90",Industrials,2519849,US89785X1019,New York Stock Exchange Inc.
VECO,VEECO INSTRUMENTS INC.,Equity,0.15,27.35,1636552.00,"44,759,697.20","44,759,697.20",Information Technology,2938422,US9224171002,NASDAQ
BEL,BELMOND LTD CLASS A,Equity,0.15,12.95,3455820.00,"44,752,869.00","44,752,869.00",Consumer Discretionary,BNFZBM9,BMG1154H1079,New York Stock Exchange Inc.
CKH,SEACOR HOLDINGS INC.,Equity,0.15,68.85,648682.00,"44,661,755.70","44,661,755.70",Energy,2797838,US8119041015,New York Stock Exchange Inc.
INGN,INOGEN INC,Equity,0.15,68.62,650465.00,"44,634,908.30","44,634,908.30",Health Care,BJSVLL5,US45780L1044,NASDAQ
HLX,HELIX ENERGY SOLUTIONS GROUP INC.,Equity,0.15,8.26,5366285.00,"44,325,514.10","44,325,514.10",Energy,2037062,US42330P1075,New York Stock Exchange Inc.
EBS,EMERGENT BIOSOLUTIONS INC.,Equity,0.15,31.38,1409370.00,"44,226,030.60","44,226,030.60",Health Care,B1HJLW5,US29089Q1058,New York Stock Exchange Inc.
GTLS,CHART INDUSTRIES INC.,Equity,0.15,35.59,1242197.00,"44,209,791.23","44,209,791.23",Industrials,B19HNF4,US16115Q3083,NASDAQ
HAFC,HANMI FINANCIAL CORP.,Equity,0.15,33.4,1322724.00,"44,178,981.60","44,178,981.60",Financials,B6TPXR5,US4104952043,NASDAQ
SYKE,SYKES ENTERPRISES INC.,Equity,0.15,27.22,1618970.00,"44,068,363.40","44,068,363.40",Information Technology,2860536,US8712371033,NASDAQ
RAVN,RAVEN INDUSTRIES INC.,Equity,0.15,29.55,1486243.00,"43,918,480.65","43,918,480.65",Industrials,2725851,US7542121089,NASDAQ
CENTA,CENTRAL GARDEN & PET CO. CL A,Equity,0.15,31.95,1370935.00,"43,801,373.25","43,801,373.25",Consumer Staples,B1P36Y6,US1535272058,NASDAQ
BMI,BADGER METER INC.,Equity,0.15,36.6,1189730.00,"43,544,118.00","43,544,118.00",Information Technology,2069128,US0565251081,New York Stock Exchange Inc.
RGEN,REPLIGEN CORP.,Equity,0.15,31.51,1370486.00,"43,184,013.86","43,184,013.86",Health Care,2731654,US7599161095,NASDAQ
SCSS,SELECT COMFORT CORP.,Equity,0.15,23.49,1835927.00,"43,125,925.23","43,125,925.23",Consumer Discretionary,2320892,US81616X1037,NASDAQ
BCC,BOISE CASCADE COMPANY,Equity,0.14,27.1,1588307.00,"43,043,119.70","43,043,119.70",Materials,B9BP4R1,US09739D1000,New York Stock Exchange Inc.
IPXL,IMPAX LABORATORIES INC.,Equity,0.14,14.25,3002774.00,"42,789,529.50","42,789,529.50",Health Care,2373722,US45256B1017,NASDAQ
IPCC,INFINITY PROPERTY & CASUALTY CORP.,Equity,0.14,94.25,453819.00,"42,772,440.75","42,772,440.75",Financials,2313739,US45665Q1031,NASDAQ
HF,HFF INC. CL A,Equity,0.14,29.65,1429610.00,"42,387,936.50","42,387,936.50",Real Estate,B1Q1RT1,US40418F1084,New York Stock Exchange Inc.
STC,STEWART INFORMATION SERVICES CORP.,Equity,0.14,44.41,952522.00,"42,301,502.02","42,301,502.02",Financials,2848736,US8603721015,New York Stock Exchange Inc.
ANDE,ANDERSONS INC.,Equity,0.14,39.55,1066363.00,"42,174,656.65","42,174,656.65",Consumer Staples,2274922,US0341641035,NASDAQ
SGMS,SCIENTIFIC GAMES CORP.,Equity,0.14,20.65,2041772.00,"42,162,591.80","42,162,591.80",Consumer Discretionary,2919290,US80874P1093,NASDAQ
IPHS,INNOPHOS HOLDINGS INC,Equity,0.14,52.99,793171.00,"42,030,131.29","42,030,131.29",Materials,B1GHPN9,US45774N1081,NASDAQ
ALOG,ANALOGIC CORP.,Equity,0.14,82.35,510112.00,"42,007,723.20","42,007,723.20",Health Care,2032090,US0326572072,NASDAQ
CNMD,CONMED CORP.,Equity,0.14,41.62,1007466.00,"41,930,734.92","41,930,734.92",Health Care,2216010,US2074101013,NASDAQ
ADTN,ADTRAN INC.,Equity,0.14,21.15,1981670.00,"41,912,320.50","41,912,320.50",Information Technology,2052924,US00738A1060,NASDAQ
CFNL,CARDINAL FINANCIAL CORP.,Equity,0.14,31.24,1340079.00,"41,864,067.96","41,864,067.96",Financials,2277556,US14149F1093,NASDAQ
RMAX,RE MAX HOLDINGS INC CLASS A,Equity,0.14,57.5,722562.00,"41,547,315.00","41,547,315.00",Real Estate,BF23JJ3,US75524W1080,New York Stock Exchange Inc.
TISI,TEAM INC,Equity,0.14,34.35,1208962.00,"41,527,844.70","41,527,844.70",Industrials,2879123,US8781551002,New York Stock Exchange Inc.
CTRE,CARETRUST REIT INC,Equity,0.14,15.78,2630992.00,"41,517,053.76","41,517,053.76",Real Estate,BMP8TL6,US14174T1079,NASDAQ
SCSC,SCANSOURCE INC.,Equity,0.14,40.25,1030803.00,"41,489,820.75","41,489,820.75",Information Technology,2767756,US8060371072,NASDAQ
GCI,GANNETT INC,Equity,0.14,8.72,4752296.00,"41,440,021.12","41,440,021.12",Consumer Discretionary,BZ0P429,US36473H1041,New York Stock Exchange Inc.
CIR,CIRCOR INTERNATIONAL INC.,Equity,0.14,62.11,666522.00,"41,397,681.42","41,397,681.42",Industrials,2496384,US17273K1097,New York Stock Exchange Inc.
DIN,DINEEQUITY INC.,Equity,0.14,59.82,691950.00,"41,392,449.00","41,392,449.00",Consumer Discretionary,2456957,US2544231069,New York Stock Exchange Inc.
CMO,CAPSTEAD MORTGAGE CORP.,Equity,0.14,10.58,3911818.00,"41,387,034.44","41,387,034.44",Financials,2771984,US14067E5069,New York Stock Exchange Inc.
DEPO,DEPOMED INC.,Equity,0.14,16.39,2521713.00,"41,330,876.07","41,330,876.07",Health Care,2100179,US2499081048,NASDAQ
PJC,PIPER JAFFRAY COS.,Equity,0.14,70.75,581981.00,"41,175,155.75","41,175,155.75",Financials,2227089,US7240781002,New York Stock Exchange Inc.
SVU,SUPERVALU INC,Equity,0.14,3.78,10855924.00,"41,035,392.72","41,035,392.72",Consumer Staples,2863610,US8685361037,New York Stock Exchange Inc.
CVCO,CAVCO INDUSTRIES INC.,Equity,0.14,119.25,343797.00,"40,997,792.25","40,997,792.25",Consumer Discretionary,2787022,US1495681074,NASDAQ
MHLD,MAIDEN HOLDINGS LTD.,Equity,0.14,15.45,2650912.00,"40,956,590.40","40,956,590.40",Financials,B2RB076,BMG5753U1128,NASDAQ
QLYS,QUALYS INC,Equity,0.14,34.95,1171865.00,"40,956,681.75","40,956,681.75",Information Technology,B7XJTN8,US74758T3032,NASDAQ
WIRE,ENCORE WIRE CORP.,Equity,0.14,47.5,855177.00,"40,620,907.50","40,620,907.50",Industrials,2273446,US2925621052,NASDAQ
SHLM,A. SCHULMAN INC.,Equity,0.14,33.75,1201985.00,"40,566,993.75","40,566,993.75",Materials,2779342,US8081941044,NASDAQ
UEIC,UNIVERSAL ELECTRONICS INC.,Equity,0.14,68.7,589520.00,"40,500,024.00","40,500,024.00",Consumer Discretionary,2911683,US9134831034,NASDAQ
ITGR,INTEGER HOLDINGS CORP,Equity,0.14,36.15,1119177.00,"40,458,248.55","40,458,248.55",Health Care,BD06LM7,US45826H1095,New York Stock Exchange Inc.
FBP,FIRST BANCORP (PUERTO RICO),Equity,0.14,6.38,6340825.00,"40,454,463.50","40,454,463.50",Financials,2296926,PR3186727065,New York Stock Exchange Inc.
MNTA,MOMENTA PHARMACEUTICALS INC.,Equity,0.14,15.45,2613996.00,"40,386,238.20","40,386,238.20",Health Care,B018VB0,US60877T1007,NASDAQ
CHCO,CITY HOLDING CO.,Equity,0.14,65.5,615982.00,"40,346,821.00","40,346,821.00",Financials,2161778,US1778351056,NASDAQ
SMCI,SUPER MICRO COMPUTER INC.,Equity,0.13,26,1532833.00,"39,853,658.00","39,853,658.00",Information Technology,B1VQR35,US86800U1043,NASDAQ
CPF,CENTRAL PACIFIC FINANCIAL CORP.,Equity,0.13,31.58,1259290.00,"39,768,378.20","39,768,378.20",Financials,2230946,US1547604090,New York Stock Exchange Inc.
CUBI,CUSTOMERS BANCORP INC,Equity,0.13,34.33,1157293.00,"39,729,868.69","39,729,868.69",Financials,B6XHXY4,US23204G1004,New York Stock Exchange Inc.
SMP,STANDARD MOTOR PRODUCTS INC.,Equity,0.13,47.97,823431.00,"39,499,985.07","39,499,985.07",Consumer Discretionary,2838306,US8536661056,New York Stock Exchange Inc.
BANC,BANC OF CALIFORNIA INC,Equity,0.13,19.45,2020732.00,"39,303,237.40","39,303,237.40",Financials,BCD47X4,US05990K1060,New York Stock Exchange Inc.
GLT,GLATFELTER,Equity,0.13,22.1,1776899.00,"39,269,467.90","39,269,467.90",Materials,2372008,US3773161043,New York Stock Exchange Inc.
VVI,VIAD CORP.,Equity,0.13,47.2,829729.00,"39,163,208.80","39,163,208.80",Industrials,B01KGF5,US92552R4065,New York Stock Exchange Inc.
LABL,MULTI-COLOR CORP.,Equity,0.13,71.7,541308.00,"38,811,783.60","38,811,783.60",Industrials,2609858,US6253831043,NASDAQ
RGR,STURM RUGER INC CO,Equity,0.13,49.85,777571.00,"38,761,914.35","38,761,914.35",Consumer Discretionary,2856289,US8641591081,New York Stock Exchange Inc.
ELY,CALLAWAY GOLF CO.,Equity,0.13,10.11,3831426.00,"38,735,716.86","38,735,716.86",Consumer Discretionary,2173933,US1311931042,New York Stock Exchange Inc.
EXTN,EXTERRAN CORP,Equity,0.13,30.44,1268981.00,"38,627,781.64","38,627,781.64",Energy,BYMC5T5,US30227H1068,New York Stock Exchange Inc.
TVTY,TIVITY HEALTH INC,Equity,0.13,28.9,1335077.00,"38,583,725.30","38,583,725.30",Health Care,BD8Q1B8,US88870R1023,NASDAQ
USPH,U.S. PHYSICAL THERAPY INC.,Equity,0.13,75.65,509330.00,"38,530,814.50","38,530,814.50",Health Care,2911166,US90337L1089,New York Stock Exchange Inc.
AROC,ARCHROCK INC,Equity,0.13,13.65,2819577.00,"38,487,226.05","38,487,226.05",Energy,BYRGSX7,US03957W1062,New York Stock Exchange Inc.
SPSC,SPS COMMERCE INC.,Equity,0.13,55.33,693746.00,"38,384,966.18","38,384,966.18",Information Technology,B57VWJ3,US78463M1071,NASDAQ
CLW,CLEARWATER PAPER CORP.,Equity,0.13,55.6,683174.00,"37,984,474.40","37,984,474.40",Materials,B3K9Z35,US18538R1032,New York Stock Exchange Inc.
IBP,INSTALLED BUILDING PRODUCTS INC,Equity,0.13,47.05,806857.00,"37,962,621.85","37,962,621.85",Consumer Discretionary,BJSP4C9,US45780R1014,New York Stock Exchange Inc.
DIOD,DIODES INC.,Equity,0.13,23.87,1589778.00,"37,948,000.86","37,948,000.86",Information Technology,2270500,US2545431015,NASDAQ
MANT,MANTECH INTERNATIONAL CORP CLASS A,Equity,0.13,36.62,1035634.00,"37,924,917.08","37,924,917.08",Information Technology,2825308,US5645631046,NASDAQ
SBSI,SOUTHSIDE BANCSHARES INC.,Equity,0.13,35.23,1076231.00,"37,915,618.13","37,915,618.13",Financials,2485876,US84470P1093,NASDAQ
BGG,BRIGGS & STRATTON CORP.,Equity,0.13,21.4,1761181.00,"37,689,273.40","37,689,273.40",Industrials,2156581,US1090431099,New York Stock Exchange Inc.
MTSC,MTS SYSTEMS CORP.,Equity,0.13,54.95,685818.00,"37,685,699.10","37,685,699.10",Information Technology,2608985,US5537771033,NASDAQ
EPAY,BOTTOMLINE TECHNOLOGIES INC.,Equity,0.13,24.95,1499803.00,"37,420,084.85","37,420,084.85",Information Technology,2389558,US1013881065,NASDAQ
KOP,KOPPERS HOLDINGS INC.,Equity,0.12,43.85,843516.00,"36,988,176.60","36,988,176.60",Materials,B0X46B1,US50060P1066,New York Stock Exchange Inc.
ENSG,ENSIGN GROUP INC.,Equity,0.12,18.84,1952959.00,"36,793,747.56","36,793,747.56",Health Care,B1YWPP8,US29358P1012,NASDAQ
PKY,PARKWAY INC,Equity,0.12,20.98,1751719.00,"36,751,064.62","36,751,064.62",Real Estate,BDCVWT4,US70156Q1076,New York Stock Exchange Inc.
USCR,U.S. CONCRETE INC.,Equity,0.12,63,582963.00,"36,726,669.00","36,726,669.00",Materials,B4M8043,US90333L2016,NASDAQ
GPRE,GREEN PLAINS INC,Equity,0.12,25.05,1464164.00,"36,677,308.20","36,677,308.20",Energy,B11FJD6,US3932221043,NASDAQ
FSS,FEDERAL SIGNAL CORP.,Equity,0.12,14.88,2456981.00,"36,559,877.28","36,559,877.28",Industrials,2333986,US3138551086,New York Stock Exchange Inc.
INVA,INNOVIVA INC,Equity,0.12,11.55,3158139.00,"36,476,505.45","36,476,505.45",Health Care,BDDXF67,US45781M1018,NASDAQ
EXPR,EXPRESS INC,Equity,0.12,11.24,3216121.00,"36,149,200.04","36,149,200.04",Consumer Discretionary,B464DZ9,US30219E1038,New York Stock Exchange Inc.
HTLD,HEARTLAND EXPRESS INC.,Equity,0.12,20.74,1738392.00,"36,054,250.08","36,054,250.08",Industrials,2414018,US4223471040,NASDAQ
BLKFDS,BLK CSH FND TREASURY SL AGENCY,Money Market,0.12,1,35916488.00,"35,916,487.62","35,916,487.62",Cash and/or Derivatives,-,US0669224778,-
UVE,UNIVERSAL INSURANCE HOLDINGS INC,Equity,0.12,26.95,1331428.00,"35,881,984.60","35,881,984.60",Financials,2912374,US91359V1070,New York Stock Exchange Inc.
CVGW,CALAVO GROWERS INC.,Equity,0.12,56.4,629535.00,"35,505,774.00","35,505,774.00",Consumer Staples,2859200,US1282461052,NASDAQ
CPLA,CAPELLA EDUCATION CO.,Equity,0.12,76.1,466477.00,"35,498,899.70","35,498,899.70",Consumer Discretionary,B0GWDP5,US1395941057,NASDAQ
LDL,LYDALL INC.,Equity,0.12,50.7,700109.00,"35,495,526.30","35,495,526.30",Industrials,2534671,US5508191062,New York Stock Exchange Inc.
MDXG,MIMEDX GROUP INC,Equity,0.12,8.57,4135123.00,"35,438,004.11","35,438,004.11",Health Care,B1Z3TW5,US6024961012,NASDAQ
GOV,GOVERNMENT PROPERTIES INCOME TRUST,Equity,0.12,20.61,1710651.00,"35,256,517.11","35,256,517.11",Real Estate,B4ZG8D9,US38376A1034,NASDAQ
NBHC,NATIONAL BANK HOLDINGS CORPORATION,Equity,0.12,32.99,1065732.00,"35,158,498.68","35,158,498.68",Financials,B888DV3,US6337071046,New York Stock Exchange Inc.
VRTU,VIRTUSA CORP,Equity,0.12,31.01,1131874.00,"35,099,412.74","35,099,412.74",Information Technology,B1YWRN0,US92827P1021,NASDAQ
WGO,WINNEBAGO INDUSTRIES INC.,Equity,0.12,33,1061916.00,"35,043,228.00","35,043,228.00",Consumer Discretionary,2972721,US9746371007,New York Stock Exchange Inc.
TREE,LENDINGTREE INC,Equity,0.12,118.4,293316.00,"34,728,614.40","34,728,614.40",Financials,BV8TD84,US52603B1070,NASDAQ
LNN,LINDSAY CORP.,Equity,0.12,80.07,433317.00,"34,695,692.19","34,695,692.19",Industrials,2516613,US5355551061,New York Stock Exchange Inc.
NFBK,NORTHFIELD BANCORP INC.,Equity,0.12,18.76,1848248.00,"34,673,132.48","34,673,132.48",Financials,B8NB2R6,US66611T1088,NASDAQ
KRA,KRATON CORP,Equity,0.12,27.23,1267573.00,"34,516,012.79","34,516,012.79",Materials,B547X79,US50077C1062,New York Stock Exchange Inc.
PLUS,EPLUS INC.,Equity,0.12,126.95,271395.00,"34,453,595.25","34,453,595.25",Information Technology,2597748,US2942681071,NASDAQ
OXM,OXFORD INDUSTRIES INC.,Equity,0.12,56.21,612464.00,"34,426,601.44","34,426,601.44",Consumer Discretionary,2665300,US6914973093,New York Stock Exchange Inc.
TYPE,MONOTYPE IMAGING HOLDINGS INC.,Equity,0.12,20.15,1706356.00,"34,383,073.40","34,383,073.40",Information Technology,B1YWR85,US61022P1003,NASDAQ
SSTK,SHUTTERSTOCK INC,Equity,0.11,43.61,779159.00,"33,979,123.99","33,979,123.99",Information Technology,B7ZR219,US8256901005,New York Stock Exchange Inc.
ASIX,ADVANSIX INC,Equity,0.11,27.28,1242275.00,"33,889,262.00","33,889,262.00",Materials,BYMMZL7,US00773T1016,New York Stock Exchange Inc.
BGC,GENERAL CABLE CORP.,Equity,0.11,16.7,2009061.00,"33,551,318.70","33,551,318.70",Industrials,2369851,US3693001089,New York Stock Exchange Inc.
ANF,ABERCROMBIE & FITCH CO. CL A,Equity,0.11,11.96,2781221.00,"33,263,403.16","33,263,403.16",Consumer Discretionary,2004185,US0028962076,New York Stock Exchange Inc.
CBB,CINCINNATI BELL INC,Equity,0.11,19.3,1721595.00,"33,226,783.50","33,226,783.50",Telecommunications,BD5CWW7,US1718715022,New York Stock Exchange Inc.
STRA,STRAYER EDUCATION INC.,Equity,0.11,77.54,428199.00,"33,202,550.46","33,202,550.46",Consumer Discretionary,2853417,US8632361056,NASDAQ
NEWM,NEW MEDIA INVESTMENT GROUP INC,Equity,0.11,15.43,2149333.00,"33,164,208.19","33,164,208.19",Consumer Discretionary,BH2R795,US64704V1061,New York Stock Exchange Inc.
GHL,GREENHILL & CO.,Equity,0.11,29.55,1114386.00,"32,930,106.30","32,930,106.30",Financials,B00G8B4,US3952591044,New York Stock Exchange Inc.
WWE,WORLD WRESTLING ENTERTAINMENT INC,Equity,0.11,20.98,1569013.00,"32,917,892.74","32,917,892.74",Consumer Discretionary,2503529,US98156Q1085,New York Stock Exchange Inc.
TMST,TIMKENSTEEL CORP,Equity,0.11,20.92,1556907.00,"32,570,494.44","32,570,494.44",Materials,BNBPMX1,US8873991033,New York Stock Exchange Inc.
TRST,TRUSTCO BANK CORP.,Equity,0.11,8.35,3893330.00,"32,509,305.50","32,509,305.50",Financials,2906429,US8983491056,NASDAQ
GES,GUESS? INC.,Equity,0.11,12.7,2537945.00,"32,231,901.50","32,231,901.50",Consumer Discretionary,2387109,US4016171054,New York Stock Exchange Inc.
UFCS,UNITED FIRE GROUP INC,Equity,0.11,42.22,763132.00,"32,219,433.04","32,219,433.04",Financials,B4WXG84,US9103401082,NASDAQ
DEL,DELTIC TIMBER CORP.,Equity,0.11,74.32,431010.00,"32,032,663.20","32,032,663.20",Materials,2267438,US2478501008,New York Stock Exchange Inc.
AEGN,AEGION CORP,Equity,0.11,22.76,1403574.00,"31,945,344.24","31,945,344.24",Industrials,B764L34,US00770F1049,NASDAQ
ASNA,ASCENA RETAIL GROUP INC.,Equity,0.11,4.6,6913110.00,"31,800,306.00","31,800,306.00",Consumer Discretionary,B65D9Z3,US04351G1013,NASDAQ
PGNX,PROGENICS PHARMACEUTICALS INC.,Equity,0.11,11.24,2829223.00,"31,800,466.52","31,800,466.52",Health Care,2152501,US7431871067,NASDAQ
KND,KINDRED HEALTHCARE INC.,Equity,0.11,9,3509382.00,"31,584,438.00","31,584,438.00",Health Care,2752677,US4945801037,New York Stock Exchange Inc.
AMAG,AMAG PHARMACEUTICALS INC.,Equity,0.11,22.45,1404117.00,"31,522,426.65","31,522,426.65",Health Care,2008121,US00163U1060,NASDAQ
BFS,SAUL CENTERS INC.,Equity,0.11,64.04,489369.00,"31,339,190.76","31,339,190.76",Real Estate,2777777,US8043951016,New York Stock Exchange Inc.
PMC,PHARMERICA CORP.,Equity,0.11,24.6,1272121.00,"31,294,176.60","31,294,176.60",Health Care,B23CN96,US71714F1049,New York Stock Exchange Inc.
ATW,ATWOOD OCEANICS INC.,Equity,0.1,10.51,2968417.00,"31,198,062.67","31,198,062.67",Energy,2062440,US0500951084,New York Stock Exchange Inc.
LKSD,LSC COMMUNICATIONS INC,Equity,0.1,28.42,1095843.00,"31,143,858.06","31,143,858.06",Industrials,BYND5V9,US50218P1075,New York Stock Exchange Inc.
FOXF,FOX FACTORY HOLDING CORP,Equity,0.1,26.8,1155734.00,"30,973,671.20","30,973,671.20",Consumer Discretionary,BCRY5K3,US35138V1026,NASDAQ
WING,WINGSTOP INC,Equity,0.1,26.3,1176218.00,"30,934,533.40","30,934,533.40",Consumer Discretionary,BYYXHN4,US9741551033,NASDAQ
GFF,GRIFFON CORP.,Equity,0.1,25.15,1219611.00,"30,673,216.65","30,673,216.65",Industrials,2463344,US3984331021,New York Stock Exchange Inc.
LMNX,LUMINEX CORP,Equity,0.1,18.58,1639093.00,"30,454,347.94","30,454,347.94",Health Care,2572109,US55027E1029,NASDAQ
ETH,ETHAN ALLEN INTERIORS INC.,Equity,0.1,28.75,1045746.00,"30,065,197.50","30,065,197.50",Consumer Discretionary,2320825,US2976021046,New York Stock Exchange Inc.
ATNI,ATN INTERNATIONAL INC,Equity,0.1,68.39,437505.00,"29,920,966.95","29,920,966.95",Telecommunications,BDC84D3,US00215F1075,NASDAQ
SAFT,SAFETY INSURANCE GROUP INC.,Equity,0.1,71,418198.00,"29,692,058.00","29,692,058.00",Financials,2958538,US78648T1007,NASDAQ
LHCG,LHC GROUP,Equity,0.1,48.02,613418.00,"29,456,332.36","29,456,332.36",Health Care,B06DT50,US50187A1079,NASDAQ
CTS,CTS CORP.,Equity,0.1,21.9,1342742.00,"29,406,049.80","29,406,049.80",Information Technology,2239244,US1265011056,New York Stock Exchange Inc.
FTK,FLOTEK INDUSTRIES INC.,Equity,0.1,13.52,2166987.00,"29,297,664.24","29,297,664.24",Materials,2816551,US3433891021,New York Stock Exchange Inc.
CCC,CALGON CARBON CORP.,Equity,0.1,14.1,2075822.00,"29,269,090.20","29,269,090.20",Materials,2164368,US1296031065,New York Stock Exchange Inc.
CEVA,CEVA INC.,Equity,0.1,33.4,872766.00,"29,150,384.40","29,150,384.40",Information Technology,2986937,US1572101053,NASDAQ
VRTS,VIRTUS INVESTMENT PARTNERS INC.,Equity,0.1,109.65,265568.00,"29,119,531.20","29,119,531.20",Financials,B3KKGQ8,US92828Q1094,NASDAQ
QSII,QUALITY SYSTEMS INC.,Equity,0.1,15.26,1889098.00,"28,827,635.48","28,827,635.48",Health Care,2715391,US7475821044,NASDAQ
GTY,GETTY REALTY CORP.,Equity,0.1,26.39,1091343.00,"28,800,541.77","28,800,541.77",Real Estate,2698146,US3742971092,New York Stock Exchange Inc.
ALG,ALAMO GROUP INC.,Equity,0.1,75.15,383150.00,"28,793,722.50","28,793,722.50",Industrials,2021634,US0113111076,New York Stock Exchange Inc.
BEAT,BIOTELEMETRY INC,Equity,0.1,25.45,1130947.00,"28,782,601.15","28,782,601.15",Health Care,BCD7L64,US0906721065,NASDAQ
IRDM,IRIDIUM COMMUNICATIONS INC.,Equity,0.1,8.7,3304447.00,"28,748,688.90","28,748,688.90",Telecommunications,B2QH310,US46269C1027,NASDAQ
BJRI,BJS RESTAURANTS INC.,Equity,0.1,36.35,787759.00,"28,635,039.65","28,635,039.65",Consumer Discretionary,2200552,US09180C1062,NASDAQ
ARCB,ARCBEST CORP,Equity,0.1,29.35,969817.00,"28,464,128.95","28,464,128.95",Industrials,BLTFST7,US03937C1053,NASDAQ
MTRN,MATERION CORP.,Equity,0.1,34.85,812811.00,"28,326,463.35","28,326,463.35",Materials,2149622,US5766901012,New York Stock Exchange Inc.
HMST,HOMESTREET INC.,Equity,0.09,27.3,1023320.00,"27,936,636.00","27,936,636.00",Financials,B4WHS46,US43785V1026,NASDAQ
NX,QUANEX BUILDING PRODUCTS CORP.,Equity,0.09,19.55,1424729.00,"27,853,451.95","27,853,451.95",Industrials,B2QXCJ9,US7476191041,New York Stock Exchange Inc.
ANIK,ANIKA THERAPEUTICS INC.,Equity,0.09,46.79,595012.00,"27,840,611.48","27,840,611.48",Health Care,2035754,US0352551081,NASDAQ
CENX,CENTURY ALUMINUM CO.,Equity,0.09,14.09,1975545.00,"27,825,551.33","27,825,551.33",Materials,2186254,US1564311082,NASDAQ
NANO,NANOMETRICS INC.,Equity,0.09,27.21,1021449.00,"27,793,627.29","27,793,627.29",Information Technology,2622220,US6300771051,NASDAQ
UTEK,ULTRATECH INC.,Equity,0.09,28.85,950835.00,"27,431,589.75","27,431,589.75",Information Technology,2907217,US9040341052,NASDAQ
RTEC,RUDOLPH TECHNOLOGIES INC,Equity,0.09,21.5,1271605.00,"27,339,507.50","27,339,507.50",Information Technology,2518415,US7812701032,New York Stock Exchange Inc.
DCOM,DIME COMMUNITY BANCSHARES,Equity,0.09,21.5,1271502.00,"27,337,293.00","27,337,293.00",Financials,2034148,US2539221083,NASDAQ
HIBB,HIBBETT SPORTS INC.,Equity,0.09,29.5,922024.00,"27,199,708.00","27,199,708.00",Consumer Discretionary,2428376,US4285671016,NASDAQ
FINL,FINISH LINE INC. CL A,Equity,0.09,16.3,1655226.00,"26,980,183.80","26,980,183.80",Consumer Discretionary,2349819,US3179231002,NASDAQ
ORIT,ORITANI FINANCIAL CORP.,Equity,0.09,17.2,1565520.00,"26,926,944.00","26,926,944.00",Financials,B3SLD95,US68633D1037,NASDAQ
PRFT,PERFICIENT INC.,Equity,0.09,18.17,1476325.00,"26,824,825.25","26,824,825.25",Information Technology,2442547,US71375U1016,NASDAQ
NR,NEWPARK RESOURCES INC.,Equity,0.09,7.7,3476541.00,"26,769,365.70","26,769,365.70",Energy,2636878,US6517185046,New York Stock Exchange Inc.
LCI,LANNETT COMPANY INC,Equity,0.09,22,1206811.00,"26,549,842.00","26,549,842.00",Health Care,2447694,US5160121019,New York Stock Exchange Inc.
FRAN,FRANCESCAS HOLDINGS CORP,Equity,0.09,16.97,1547461.00,"26,260,413.17","26,260,413.17",Consumer Discretionary,B4RM4H1,US3517931040,NASDAQ
SHAK,SHAKE SHACK INC CLASS A,Equity,0.09,35.83,730779.00,"26,183,811.57","26,183,811.57",Consumer Discretionary,BV0LCR0,US8190471016,New York Stock Exchange Inc.
KELYA,KELLY SERVICES INC. CL A,Equity,0.09,21.38,1217719.00,"26,034,832.22","26,034,832.22",Industrials,2487117,US4881522084,NASDAQ
SXC,SUNCOKE ENERGY INC.,Equity,0.09,9.75,2657964.00,"25,915,149.00","25,915,149.00",Materials,B3R0638,US86722A1034,New York Stock Exchange Inc.
ECPG,ENCORE CAPITAL GROUP INC.,Equity,0.09,33.3,777386.00,"25,886,953.80","25,886,953.80",Financials,2443078,US2925541029,NASDAQ
CATO,CATO CORP. CL A,Equity,0.09,25.01,1032778.00,"25,829,777.78","25,829,777.78",Consumer Discretionary,2180438,US1492051065,New York Stock Exchange Inc.
IIIN,INSTEEL INDUSTRIES INC.,Equity,0.09,36.12,707756.00,"25,564,146.72","25,564,146.72",Industrials,2325875,US45774W1080,NASDAQ
HSTM,HEALTHSTREAM INC.,Equity,0.09,24.47,1041127.00,"25,476,377.69","25,476,377.69",Health Care,2577870,US42222N1037,NASDAQ
DFIN,DONNELLEY FINANCIAL SOLUTIONS INC,Equity,0.08,23.11,1082683.00,"25,020,804.13","25,020,804.13",Financials,BYND5T7,US25787G1004,New York Stock Exchange Inc.
MYRG,MYR GROUP INC.,Equity,0.08,37.51,666761.00,"25,010,205.11","25,010,205.11",Industrials,B3CLS18,US55405W1045,NASDAQ
ECHO,ECHO GLOBAL LOGISTICS INC,Equity,0.08,21.85,1132077.00,"24,735,882.45","24,735,882.45",Industrials,B4M7GZ3,US27875T1016,NASDAQ
IPAR,INTER PARFUMS INC.,Equity,0.08,34.6,710771.00,"24,592,676.60","24,592,676.60",Consumer Staples,2473150,US4583341098,NASDAQ
MCS,MARCUS CORP.,Equity,0.08,31.2,788089.00,"24,588,376.80","24,588,376.80",Consumer Discretionary,2564827,US5663301068,New York Stock Exchange Inc.
BCOR,BLUCORA INC,Equity,0.08,15.6,1566912.00,"24,443,827.20","24,443,827.20",Information Technology,B8L2DV2,US0952291005,NASDAQ
RRGB,RED ROBIN GOURMET BURGERS INC.,Equity,0.08,45.65,532851.00,"24,324,648.15","24,324,648.15",Consumer Discretionary,2966144,US75689M1018,NASDAQ
EGRX,EAGLE PHARMACEUTICALS INC,Equity,0.08,76.69,315441.00,"24,191,170.29","24,191,170.29",Health Care,BJH7VB4,US2697961082,NASDAQ
CAMP,CALAMP CORP.,Equity,0.08,16.21,1484238.00,"24,059,497.98","24,059,497.98",Information Technology,2164700,US1281261099,NASDAQ
ESND,ESSENDANT INC,Equity,0.08,15.93,1510236.00,"24,058,059.48","24,058,059.48",Industrials,BY4K7X5,US2966891028,NASDAQ
MHO,M/I HOMES INC.,Equity,0.08,23.6,1018530.00,"24,037,308.00","24,037,308.00",Consumer Discretionary,2549385,US55305B1017,New York Stock Exchange Inc.
TWI,TITAN INTERNATIONAL INC,Equity,0.08,13.24,1807604.00,"23,932,676.96","23,932,676.96",Industrials,2890265,US88830M1027,New York Stock Exchange Inc.
DPLO,DIPLOMAT PHARMACY INC,Equity,0.08,13.55,1765630.00,"23,924,286.50","23,924,286.50",Health Care,BRB38H9,US25456K1016,New York Stock Exchange Inc.
RYAM,RAYONIER ADVANCED MATERIALS INC,Equity,0.08,13.26,1785337.00,"23,673,568.62","23,673,568.62",Materials,BN458W9,US75508B1044,New York Stock Exchange Inc.
TTS,TILE SHOP HOLDINGS INC,Equity,0.08,17.6,1343725.00,"23,649,560.00","23,649,560.00",Consumer Discretionary,B8394K7,US88677Q1094,NASDAQ
FARO,FARO TECHNOLOGIES INC.,Equity,0.08,34.5,683164.00,"23,569,158.00","23,569,158.00",Information Technology,2106661,US3116421021,NASDAQ
OFG,OFG BANCORP.,Equity,0.08,12.9,1822860.00,"23,514,894.00","23,514,894.00",Financials,B87LKR8,PR67103X1020,New York Stock Exchange Inc.
SAH,SONIC AUTOMOTIVE INC. CL A,Equity,0.08,21.7,1076541.00,"23,360,939.70","23,360,939.70",Consumer Discretionary,2125246,US83545G1022,New York Stock Exchange Inc.
INTL,INTL FCSTONE INC.,Equity,0.08,37.75,618077.00,"23,332,406.75","23,332,406.75",Financials,2456441,US46116V1052,NASDAQ
AFAM,ALMOST FAMILY INC.,Equity,0.08,49.65,468695.00,"23,270,706.75","23,270,706.75",Health Care,2796448,US0204091088,NASDAQ
MRTN,MARTEN TRANSPORT LTD.,Equity,0.08,24.55,946280.00,"23,231,174.00","23,231,174.00",Industrials,2568357,US5730751089,NASDAQ
FRED,FREDS INC.,Equity,0.08,17.73,1301361.00,"23,073,130.53","23,073,130.53",Consumer Discretionary,2354385,US3561081007,NASDAQ
BKE,BUCKLE INC.,Equity,0.08,19.85,1154271.00,"22,912,279.35","22,912,279.35",Consumer Discretionary,2149934,US1184401065,New York Stock Exchange Inc.
AVAV,AEROVIRONMENT INC.,Equity,0.08,27.02,844228.00,"22,811,040.56","22,811,040.56",Industrials,B1P5YY8,US0080731088,NASDAQ
EGL,ENGILITY HOLDINGS INC,Equity,0.08,31.31,727057.00,"22,764,154.67","22,764,154.67",Industrials,BVWVSS1,US29286C1071,New York Stock Exchange Inc.
HZO,MARINEMAX INC,Equity,0.08,22.5,1008442.00,"22,689,945.00","22,689,945.00",Consumer Discretionary,2250353,US5679081084,New York Stock Exchange Inc.
AMPH,AMPHASTAR PHARMACEUTICALS INC,Equity,0.08,15.47,1464688.00,"22,658,723.36","22,658,723.36",Health Care,BNFWZS4,US03209R1032,NASDAQ
VIVO,MERIDIAN BIOSCIENCE INC.,Equity,0.08,12.85,1739035.00,"22,346,599.75","22,346,599.75",Health Care,2580265,US5895841014,NASDAQ
BKS,BARNES & NOBLE INC.,Equity,0.08,9.8,2278550.00,"22,329,790.00","22,329,790.00",Consumer Discretionary,2081144,US0677741094,New York Stock Exchange Inc.
CECO,CAREER EDUCATION CORP.,Equity,0.07,8.33,2672803.00,"22,264,448.99","22,264,448.99",Consumer Discretionary,2143646,US1416651099,NASDAQ
GNCMA,GENERAL COMMUNICATION INC. CL A,Equity,0.07,20.15,1090455.00,"21,972,668.25","21,972,668.25",Telecommunications,2365019,US3693851095,NASDAQ
DXPE,DXP ENTERPRISES INC.,Equity,0.07,35,626189.00,"21,916,615.00","21,916,615.00",Industrials,2276627,US2333774071,NASDAQ
FRGI,FIESTA RESTAURANT GROUP INC.,Equity,0.07,19.85,1101971.00,"21,874,124.35","21,874,124.35",Consumer Discretionary,B7V5P52,US31660B1017,NASDAQ
MPAA,MOTORCAR PARTS OF AMERICA INC.,Equity,0.07,28.37,767833.00,"21,783,422.21","21,783,422.21",Consumer Discretionary,2861993,US6200711009,NASDAQ
VRTV,VERITIV CORP,Equity,0.07,55.65,386052.00,"21,483,793.80","21,483,793.80",Industrials,BNBKSP0,US9234541020,New York Stock Exchange Inc.
TTI,TETRA TECHNOLOGIES INC.,Equity,0.07,4.49,4760590.00,"21,375,049.10","21,375,049.10",Energy,2884280,US88162F1057,New York Stock Exchange Inc.
PAHC,PHIBRO ANIMAL HEALTH CORP CLASS A,Equity,0.07,27.85,765259.00,"21,312,463.15","21,312,463.15",Health Care,BL95N25,US71742Q1067,NASDAQ
CCRN,CROSS COUNTRY HEALTHCARE INC.,Equity,0.07,15.47,1371654.00,"21,219,487.38","21,219,487.38",Health Care,2809056,US2274831047,NASDAQ
SUP,SUPERIOR INDUSTRIES INTERNATIONAL,Equity,0.07,22.4,944211.00,"21,150,326.40","21,150,326.40",Consumer Discretionary,2864141,US8681681057,New York Stock Exchange Inc.
ANGO,ANGIODYNAMICS INC.,Equity,0.07,16.35,1293022.00,"21,140,909.70","21,140,909.70",Health Care,B00CR04,US03475V1017,NASDAQ
LDR,LANDAUER INC.,Equity,0.07,52.25,402278.00,"21,019,025.50","21,019,025.50",Health Care,2879714,US51476K1034,New York Stock Exchange Inc.
VSI,VITAMIN SHOPPE INC.,Equity,0.07,21.3,986148.00,"21,004,952.40","21,004,952.40",Consumer Discretionary,B55C7L5,US92849E1010,New York Stock Exchange Inc.
SCLN,SCICLONE PHARMACEUTICALS INC.,Equity,0.07,9.9,2095257.00,"20,743,044.30","20,743,044.30",Health Care,2779579,US80862K1043,NASDAQ
RECN,RESOURCES CONNECTION INC.,Equity,0.07,16.9,1224746.00,"20,698,207.40","20,698,207.40",Industrials,2697853,US76122Q1058,NASDAQ
RUTH,RUTHS HOSPITALITY GROUP INC.,Equity,0.07,16.85,1223996.00,"20,624,332.60","20,624,332.60",Consumer Discretionary,B0G4KC7,US7833321091,NASDAQ
MED,MEDIFAST INC.,Equity,0.07,44.84,458908.00,"20,577,434.72","20,577,434.72",Consumer Staples,2934033,US58470H1014,New York Stock Exchange Inc.
LION,FIDELITY SOUTHERN CORP.,Equity,0.07,23.57,869276.00,"20,488,835.32","20,488,835.32",Financials,2348429,US3163941053,NASDAQ
NPK,NATIONAL PRESTO INDUSTRIES INC.,Equity,0.07,99.6,205556.00,"20,473,377.60","20,473,377.60",Industrials,2626802,US6372151042,New York Stock Exchange Inc.
BRS,BRISTOW GROUP INC.,Equity,0.07,15.71,1303058.00,"20,471,041.18","20,471,041.18",Energy,2656229,US1103941035,New York Stock Exchange Inc.
PRSC,PROVIDENCE SERVICE CORP,Equity,0.07,40.62,501367.00,"20,365,527.54","20,365,527.54",Health Care,2918576,US7438151026,NASDAQ
PGTI,PGT INNOVATIONS INC,Equity,0.07,10.05,2023741.00,"20,338,597.05","20,338,597.05",Industrials,B17V2N9,US69336V1017,New York Stock Exchange Inc.
NLS,NAUTILUS INC.,Equity,0.07,16.1,1260443.00,"20,293,132.30","20,293,132.30",Consumer Discretionary,2415936,US63910B1026,New York Stock Exchange Inc.
HAYN,HAYNES INTERNATIONAL INC.,Equity,0.07,39.06,518858.00,"20,266,593.48","20,266,593.48",Materials,B02WVH7,US4208772016,NASDAQ
LGIH,LGI HOMES INC,Equity,0.07,29.01,698597.00,"20,266,298.97","20,266,298.97",Consumer Discretionary,BG3G1B4,US50187T1060,NASDAQ
LL,LUMBER LIQUIDATORS HOLDINGS INC.,Equity,0.07,17.73,1126909.00,"19,980,096.57","19,980,096.57",Consumer Discretionary,B5KKQN9,US55003T1079,New York Stock Exchange Inc.
CROX,CROCS INC.,Equity,0.07,6.65,2989311.00,"19,878,918.15","19,878,918.15",Consumer Discretionary,B0T7Z62,US2270461096,NASDAQ
CHUY,CHUYS HOLDINGS INC,Equity,0.07,28.5,692095.00,"19,724,707.50","19,724,707.50",Consumer Discretionary,B88WMY1,US1716041017,NASDAQ
TTEC,TELETECH HOLDINGS INC.,Equity,0.07,30.3,649951.00,"19,693,515.30","19,693,515.30",Information Technology,2892885,US8799391060,NASDAQ
TG,TREDEGAR CORP.,Equity,0.07,19,1036268.00,"19,689,092.00","19,689,092.00",Materials,2903345,US8946501009,New York Stock Exchange Inc.
HWKN,HAWKINS INC.,Equity,0.07,49.45,391502.00,"19,359,773.90","19,359,773.90",Materials,2415594,US4202611095,NASDAQ
UHT,UNIVERSAL HEALTH REALTY INCOME TRU,Equity,0.06,64.18,299844.00,"19,243,987.92","19,243,987.92",Real Estate,2927497,US91359E1055,New York Stock Exchange Inc.
ACET,ACETO CORP.,Equity,0.06,15.34,1251607.00,"19,199,651.38","19,199,651.38",Health Care,2004709,US0044461004,NASDAQ
RCII,RENT-A-CENTER INC.,Equity,0.06,8.67,2202642.00,"19,096,906.14","19,096,906.14",Consumer Discretionary,2733092,US76009N1000,NASDAQ
ANIP,ANI PHARMACEUTICALS INC,Equity,0.06,59.07,323163.00,"19,089,238.41","19,089,238.41",Health Care,BCDWBX6,US00182C1036,NASDAQ
REX,REX AMERICAN RESOURCES CORP.,Equity,0.06,83.22,228852.00,"19,045,063.44","19,045,063.44",Energy,2063670,US7616241052,New York Stock Exchange Inc.
UBA,URSTADT BIDDLE PROPERTIES REIT CLA,Equity,0.06,22.28,853542.00,"19,016,915.76","19,016,915.76",Real Estate,2256522,US9172862057,New York Stock Exchange Inc.
XOXO,XO GROUP INC.,Equity,0.06,18.43,1030208.00,"18,986,733.44","18,986,733.44",Information Technology,2526991,US9837721045,New York Stock Exchange Inc.
HSII,HEIDRICK & STRUGGLES INTERNATIONAL,Equity,0.06,24.45,774806.00,"18,944,006.70","18,944,006.70",Industrials,2413071,US4228191023,NASDAQ
ITG,INVESTMENT TECHNOLOGY GROUP INC.,Equity,0.06,20.02,918804.00,"18,394,456.08","18,394,456.08",Financials,2472759,US46145F1057,New York Stock Exchange Inc.
HVT,HAVERTY FURNITURE COS. INC.,Equity,0.06,23.2,792668.00,"18,389,897.60","18,389,897.60",Consumer Discretionary,2414245,US4195961010,New York Stock Exchange Inc.
EXAR,EXAR CORP,Equity,0.06,10.46,1749452.00,"18,299,267.92","18,299,267.92",Information Technology,2325206,US3006451088,New York Stock Exchange Inc.
BH,BIGLARI HOLDINGS INC.,Equity,0.06,429.43,42532.00,"18,264,516.76","18,264,516.76",Consumer Discretionary,2843430,US08986R1014,New York Stock Exchange Inc.
RGS,REGIS CORP.,Equity,0.06,12.31,1471784.00,"18,117,661.04","18,117,661.04",Consumer Discretionary,2730327,US7589321071,New York Stock Exchange Inc.
CDR,CEDAR REALTY TRUST INC,Equity,0.06,5.87,3069905.00,"18,020,342.35","18,020,342.35",Real Estate,2033242,US1506022094,New York Stock Exchange Inc.
PETS,PETMED EXPRESS INC.,Equity,0.06,21.06,849739.00,"17,895,503.34","17,895,503.34",Consumer Discretionary,2143099,US7163821066,NASDAQ
ICON,ICONIX BRAND GROUP INC.,Equity,0.06,7.71,2319205.00,"17,881,070.55","17,881,070.55",Consumer Discretionary,2175575,US4510551074,NASDAQ
EZPW,EZCORP INC. CL A,Equity,0.06,8.8,2029180.00,"17,856,784.00","17,856,784.00",Financials,2326287,US3023011063,NASDAQ
CRY,CRYOLIFE INC.,Equity,0.06,16,1111530.00,"17,784,480.00","17,784,480.00",Health Care,2239017,US2289031005,New York Stock Exchange Inc.
MTRX,MATRIX SERVICE CO.,Equity,0.06,16.2,1088467.00,"17,633,165.40","17,633,165.40",Energy,2572068,US5768531056,NASDAQ
COHU,COHU INC.,Equity,0.06,16.65,1051073.00,"17,500,365.45","17,500,365.45",Information Technology,2208426,US1925761066,NASDAQ
LMOS,LUMOS NETWORKS CORP,Equity,0.06,17.71,980382.00,"17,362,565.22","17,362,565.22",Telecommunications,B74WVF2,US5502831051,NASDAQ
HLIT,HARMONIC INC.,Equity,0.06,5.4,3213937.00,"17,355,259.80","17,355,259.80",Information Technology,2510659,US4131601027,NASDAQ
FTD,FTD COMPANIES INC,Equity,0.06,24.16,716864.00,"17,319,434.24","17,319,434.24",Consumer Discretionary,BFLR7Y7,US30281V1089,NASDAQ
SPPI,SPECTRUM PHARMACEUTICALS INC.,Equity,0.06,6.4,2691053.00,"17,222,739.20","17,222,739.20",Health Care,2982924,US84763A1088,NASDAQ
UFI,UNIFI INC.,Equity,0.06,27.29,628390.00,"17,148,763.10","17,148,763.10",Consumer Discretionary,2911865,US9046772003,New York Stock Exchange Inc.
BKMU,BANK MUTUAL CORP.,Equity,0.06,9.7,1764906.00,"17,119,588.20","17,119,588.20",Financials,2734921,US0637501034,NASDAQ
BBG,BILL BARRETT CORP.,Equity,0.06,5.51,3080230.00,"16,972,067.30","16,972,067.30",Energy,B04M3T1,US06846N1046,New York Stock Exchange Inc.
CRVL,CORVEL CORP.,Equity,0.06,40.4,418318.00,"16,900,047.20","16,900,047.20",Health Care,2347277,US2210061097,NASDAQ
AVD,AMERICAN VANGUARD CORP.,Equity,0.06,15.75,1057269.00,"16,651,986.75","16,651,986.75",Materials,2025711,US0303711081,New York Stock Exchange Inc.
VDSI,VASCO DATA SECURITY INTERNATIONAL,Equity,0.06,13,1257579.00,"16,348,527.00","16,348,527.00",Information Technology,2245229,US92230Y1047,NASDAQ
ENTA,ENANTA PHARMACEUTICALS INC,Equity,0.05,28.82,565289.00,"16,291,628.98","16,291,628.98",Health Care,B9L5200,US29251M1062,NASDAQ
TESO,TESCO CORP,Equity,0.05,8.35,1949876.00,"16,281,464.60","16,281,464.60",Energy,2237022,CA88157K1012,NASDAQ
PES,PIONEER ENERGY SERVICES CORP,Equity,0.05,5.25,3077702.00,"16,157,935.50","16,157,935.50",Energy,B68D808,US7236641087,New York Stock Exchange Inc.
OPB,OPUS BANK,Equity,0.05,21.6,741506.00,"16,016,529.60","16,016,529.60",Financials,BLNMST4,US6840001027,NASDAQ
IVC,INVACARE CORP.,Equity,0.05,12.1,1311268.00,"15,866,342.80","15,866,342.80",Health Care,2467971,US4612031017,New York Stock Exchange Inc.
APEI,AMERICAN PUBLIC EDUCATION INC,Equity,0.05,24.15,656504.00,"15,854,571.60","15,854,571.60",Consumer Discretionary,B292GM4,US02913V1035,NASDAQ
DAKT,DAKTRONICS INC.,Equity,0.05,9.37,1673330.00,"15,679,102.10","15,679,102.10",Information Technology,2254010,US2342641097,NASDAQ
BNED,BARNES AND NOBLE EDUCATION INC,Equity,0.05,9.6,1601793.00,"15,377,212.80","15,377,212.80",Consumer Discretionary,BYQDT70,US06777U1016,New York Stock Exchange Inc.
FORR,FORRESTER RESEARCH INC.,Equity,0.05,36.5,420601.00,"15,351,936.50","15,351,936.50",Information Technology,2398855,US3465631097,NASDAQ
MOV,MOVADO GROUP INC.,Equity,0.05,24.25,630485.00,"15,289,261.25","15,289,261.25",Consumer Discretionary,2643168,US6245801062,New York Stock Exchange Inc.
LPSN,LIVEPERSON INC,Equity,0.05,7.05,2161651.00,"15,239,639.55","15,239,639.55",Information Technology,2577052,US5381461012,NASDAQ
HCI,HCI GROUP INC,Equity,0.05,49.3,307271.00,"15,148,460.30","15,148,460.30",Financials,BBN23F5,US40416E1038,New York Stock Exchange Inc.
CLD,CLOUD PEAK ENERGY INC.,Equity,0.05,4.99,3031583.00,"15,127,599.17","15,127,599.17",Energy,B57LN89,US18911Q1022,New York Stock Exchange Inc.
PKE,PARK ELECTROCHEMICAL CORP.,Equity,0.05,19.12,781898.00,"14,949,889.76","14,949,889.76",Information Technology,2671307,US7004162092,New York Stock Exchange Inc.
ZUMZ,ZUMIEZ INC.,Equity,0.05,20.4,726815.00,"14,827,026.00","14,827,026.00",Consumer Discretionary,B081QB7,US9898171015,NASDAQ
SPOK,SPOK HOLDINGS INC,Equity,0.05,18.2,798942.00,"14,540,744.40","14,540,744.40",Telecommunications,BNZB473,US84863T1060,NASDAQ
USD,USD CASH,Cash,0.05,100,14445229.00,"14,445,229.41","14,445,229.41",Cash and/or Derivatives,-,-,-
ENVA,ENOVA INTERNATIONAL INC,Equity,0.05,14.35,977650.00,"14,029,277.50","14,029,277.50",Financials,BRYQ4L1,US29357K1034,New York Stock Exchange Inc.
SRDX,SURMODICS INC.,Equity,0.05,24.75,564257.00,"13,965,360.75","13,965,360.75",Health Care,2502678,US8688731004,NASDAQ
CENT,CENTRAL GARDEN & PET CO.,Equity,0.05,33.75,410508.00,"13,854,645.00","13,854,645.00",Consumer Staples,2183868,US1535271068,NASDAQ
SCVL,SHOE CARNIVAL INC.,Equity,0.05,25.34,544086.00,"13,787,139.24","13,787,139.24",Consumer Discretionary,2805474,US8248891090,NASDAQ
FOR,FORESTAR GROUP INC.,Equity,0.05,13.3,1024409.00,"13,624,639.70","13,624,639.70",Real Estate,B29YGD1,US3462331097,New York Stock Exchange Inc.
AMRI,ALBANY MOLECULAR RESEARCH INC.,Equity,0.05,14.97,907301.00,"13,582,295.97","13,582,295.97",Health Care,2385471,US0124231095,NASDAQ
DGII,DIGI INTERNATIONAL INC.,Equity,0.05,12.3,1098014.00,"13,505,572.20","13,505,572.20",Information Technology,2269661,US2537981027,NASDAQ
MYE,MYERS INDUSTRIES INC.,Equity,0.04,14.05,936782.00,"13,161,787.10","13,161,787.10",Materials,2613086,US6284641098,New York Stock Exchange Inc.
WRLD,WORLD ACCEPTANCE CORP.,Equity,0.04,52.44,245432.00,"12,870,454.08","12,870,454.08",Financials,2981181,US9814191048,NASDAQ
FF,FUTUREFUEL CORP.,Equity,0.04,13.23,945561.00,"12,509,772.03","12,509,772.03",Materials,B3BBRD4,US36116M1062,New York Stock Exchange Inc.
CPSI,COMPUTER PROGRAMS & SYSTEMS INC.,Equity,0.04,26.9,452976.00,"12,185,054.40","12,185,054.40",Health Care,2872122,US2053061030,NASDAQ
POWL,POWELL INDUSTRIES INC.,Equity,0.04,32.64,364223.00,"11,888,238.72","11,888,238.72",Industrials,2697422,US7391281067,NASDAQ
SCMP,SUCAMPO PHARMACEUTICALS INC CLASS,Equity,0.04,11.75,999642.00,"11,745,793.50","11,745,793.50",Health Care,B1CH102,US8649091068,NASDAQ
MCRI,MONARCH CASINO & RESORT INC.,Equity,0.04,25.48,460432.00,"11,731,807.36","11,731,807.36",Consumer Discretionary,2599197,US6090271072,NASDAQ
PERY,PERRY ELLIS INTERNATIONAL INC.,Equity,0.04,23.29,496354.00,"11,560,084.66","11,560,084.66",Consumer Discretionary,2851701,US2888531041,NASDAQ
UIHC,UNITED INSURANCE HOLDINGS CORP.,Equity,0.04,16.92,679636.00,"11,499,441.12","11,499,441.12",Financials,B292PW7,US9107101027,NASDAQ
LOCO,EL POLLO LOCO INC,Equity,0.04,12.5,903109.00,"11,288,862.50","11,288,862.50",Consumer Discretionary,BP857F5,US2686031079,NASDAQ
ERA,ERA GROUP INC.,Equity,0.04,13.78,809262.00,"11,151,630.36","11,151,630.36",Energy,B8KM2D8,US26885G1094,New York Stock Exchange Inc.
VICR,VICOR CORP.,Equity,0.04,16.25,683850.00,"11,112,562.50","11,112,562.50",Industrials,2930774,US9258151029,NASDAQ
CRR,CARBO CERAMICS INC.,Equity,0.04,12.83,860907.00,"11,045,436.81","11,045,436.81",Energy,2238821,US1407811058,New York Stock Exchange Inc.
CMTL,COMTECH TELECOMMUNICATIONS CORP.,Equity,0.04,11.41,965138.00,"11,012,224.58","11,012,224.58",Information Technology,2215341,US2058262096,NASDAQ
QHC,QUORUM HEALTH CORP,Equity,0.04,8.55,1267114.00,"10,833,824.70","10,833,824.70",Health Care,BYXT6Y7,US74909E1064,New York Stock Exchange Inc.
ORN,ORION GROUP INC,Equity,0.04,9.36,1149865.00,"10,762,736.40","10,762,736.40",Industrials,B1WTHL1,US68628V3087,New York Stock Exchange Inc.
DHX,DHI GROUP INC,Equity,0.03,4.95,2057273.00,"10,183,501.35","10,183,501.35",Information Technology,BWX70S9,US23331S1006,New York Stock Exchange Inc.
BGFV,BIG 5 SPORTING GOODS CORP.,Equity,0.03,13.45,746080.00,"10,034,776.00","10,034,776.00",Consumer Discretionary,2958646,US08915P1012,NASDAQ
ACAT,ARCTIC CAT INC.,Equity,0.03,18.5,531825.00,"9,838,762.50","9,838,762.50",Consumer Discretionary,2047500,US0396701049,NASDAQ
SENEA,SENECA FOODS CORP. CL A,Equity,0.03,37.55,261375.00,"9,814,631.25","9,814,631.25",Consumer Staples,2781626,US8170705011,NASDAQ
RRTS,ROADRUNNER TRANSPORTATION SYSTEMS,Equity,0.03,7.54,1299697.00,"9,799,715.38","9,799,715.38",Industrials,B3W9403,US76973Q1058,New York Stock Exchange Inc.
BELFB,BEL FUSE INC. CL B,Equity,0.03,26.1,369134.00,"9,634,397.40","9,634,397.40",Information Technology,2279897,US0773473006,NASDAQ
LXU,LSB INDUSTRIES INC.,Equity,0.03,10.87,871254.00,"9,470,530.98","9,470,530.98",Materials,2536882,US5021601043,New York Stock Exchange Inc.
ESIO,ELECTRO SCIENTIFIC INDUSTRIES INC.,Equity,0.03,6.68,1414050.00,"9,445,854.00","9,445,854.00",Information Technology,2310440,US2852291002,NASDAQ
DSPG,DSP GROUP INC.,Equity,0.03,10.45,901728.00,"9,423,057.60","9,423,057.60",Information Technology,2275680,US23332B1061,NASDAQ
CGI,CELADON GROUP INC.,Equity,0.03,8.05,1160967.00,"9,345,784.35","9,345,784.35",Industrials,2184195,US1508381001,New York Stock Exchange Inc.
GEOS,GEOSPACE TECHNOLOGIES CORP,Equity,0.03,16.51,563838.00,"9,308,965.38","9,308,965.38",Energy,B89MJ94,US37364X1090,NASDAQ
ZEUS,OLYMPIC STEEL INC.,Equity,0.03,24.18,380175.00,"9,192,631.50","9,192,631.50",Materials,2659013,US68162K1060,NASDAQ
KOPN,KOPIN CORP.,Equity,0.03,3.53,2600976.00,"9,181,445.28","9,181,445.28",Information Technology,2492412,US5006001011,NASDAQ
VRA,VERA BRADLEY INC.,Equity,0.03,10.46,830013.00,"8,681,935.98","8,681,935.98",Consumer Discretionary,B4626P4,US92335C1062,NASDAQ
LQDT,LIQUIDITY SERVICES INC.,Equity,0.03,8.15,1010900.00,"8,238,835.00","8,238,835.00",Information Technology,B0ZN8Z4,US53635B1070,NASDAQ
EHTH,EHEALTH INC.,Equity,0.03,10.96,695071.00,"7,617,978.16","7,617,978.16",Financials,B1G0F83,US28238P1093,NASDAQ
MCF,CONTANGO OIL AND GAS,Equity,0.02,7.42,951240.00,"7,058,200.80","7,058,200.80",Energy,2752945,US21075N2045,Nyse Mkt Llc
TUES,TUESDAY MORNING CORP.,Equity,0.02,3.65,1872035.00,"6,832,927.75","6,832,927.75",Consumer Discretionary,2411440,US8990355054,NASDAQ
GIFI,GULF ISLAND FABRICATION INC.,Equity,0.02,11.4,589975.00,"6,725,715.00","6,725,715.00",Energy,2412636,US4023071024,NASDAQ
KIRK,KIRKLANDS INC.,Equity,0.02,11.3,595273.00,"6,726,584.90","6,726,584.90",Consumer Discretionary,2960920,US4974981056,NASDAQ
AGYS,AGILYSYS INC.,Equity,0.02,9.1,658232.00,"5,989,911.20","5,989,911.20",Information Technology,2689162,US00847J1051,NASDAQ
TNGO,TANGOE INC.,Equity,0.02,5.73,1014822.00,"5,814,930.06","5,814,930.06",Information Technology,B3P4WX4,US87582Y1082,NASDAQ
BBOX,BLACK BOX CORP.,Equity,0.02,9,621990.00,"5,597,910.00","5,597,910.00",Information Technology,2546977,US0918261076,NASDAQ
NOG,NORTHERN OIL AND GAS INC,Equity,0.02,3,1860265.00,"5,580,795.00","5,580,795.00",Energy,B0WRP81,US6655311099,Nyse Mkt Llc
CDI,CDI CORP.,Equity,0.02,9.15,587167.00,"5,372,578.05","5,372,578.05",Industrials,2181129,US1250711009,New York Stock Exchange Inc.
HT,HERSHA HOSPITALITY TRUST CLASS A,Equity,0.02,19.51,265655.00,"5,182,929.05","5,182,929.05",Real Estate,BYYTSK6,US4278255009,New York Stock Exchange Inc.
RT,RUBY TUESDAY INC.,Equity,0.02,1.9,2618933.00,"4,975,972.70","4,975,972.70",Consumer Discretionary,2757616,US7811821005,New York Stock Exchange Inc.
QNST,QUINSTREET INC.,Equity,0.02,3.23,1488691.00,"4,808,471.93","4,808,471.93",Information Technology,B3PGPB9,US74874Q1004,NASDAQ
SMRT,STEIN MART INC.,Equity,0.02,3.6,1319922.00,"4,751,719.20","4,751,719.20",Consumer Discretionary,2844422,US8583751081,NASDAQ
HOS,HORNBECK OFFSHORE SERVICES INC.,Equity,0.02,4.49,1014323.00,"4,554,310.27","4,554,310.27",Energy,B00G814,US4405431069,New York Stock Exchange Inc.
ADPT,ADEPTUS HEALTH INC CLASS A,Equity,0.01,6.75,620902.00,"4,191,088.50","4,191,088.50",Health Care,BNBPLY5,US0068551003,New York Stock Exchange Inc.
FNBC,FIRST NBC BANK HOLDING,Equity,0.01,4.45,736693.00,"3,278,283.85","3,278,283.85",Financials,B8W67N3,US32115D1063,NASDAQ
MSFUT,CASH COLLATERAL MSFUT USD,Cash Collateral and Margins,0.01,100,2948000.00,"2,948,000.00","2,948,000.00",Cash and/or Derivatives,-,-,-
TDW,TIDEWATER INC.,Equity,0.01,1.36,1911199.00,"2,599,230.64","2,599,230.64",Energy,2891859,US8864231027,New York Stock Exchange Inc.
CRAY,CRAY INC.,Equity,0,20.85,5122.00,"106,793.70","106,793.70",Information Technology,B16NWY7,US2252233042,NASDAQ
GRB,GERBER SCIENTIFIC ESCROW,Equity,0,0.01,349019.00,"3,490.19","3,490.19",Information Technology,2BVFC92,US37373ESC56,New York Stock Exchange Inc.
RTAH7,RUSSELL 2000 EMINI ICE MAR 17,Futures,0,"1,385.00",633.00,0,"43,835,250.00",Cash and/or Derivatives,-,-,Ice Futures U.S.
 ,,,,,,,,,,,
