Ticker,Name,Asset Class,Weight (%),Price,Shares,Market Value,Notional Value,Sector,SEDOL,ISIN,Exchange
NKTR,NEKTAR THERAPEUTICS,Equity,1.78,86.56,"7,399,624.00","640,511,453.44","640,511,453.44",Health Care,2454445,US6402681083,NASDAQ
CMD,CANTEL MEDICAL CORP,Equity,0.54,116.31,"1,667,703.00","193,970,535.93","193,970,535.93",Health Care,2188153,US1380981084,New York Stock Exchange Inc.
CHE,CHEMED CORP,Equity,0.54,259.63,"746,949.00","193,930,368.87","193,930,368.87",Health Care,2190084,US16359R1032,New York Stock Exchange Inc.
LITE,LUMENTUM HOLDINGS INC,Equity,0.5,61,"2,915,597.00","177,851,417.00","177,851,417.00",Information Technology,BYM9ZP2,US55024U1097,NASDAQ
ASGN,ON ASSIGNMENT INC,Equity,0.49,76.69,"2,310,901.00","177,222,997.69","177,222,997.69",Industrials,2658720,US6821591087,New York Stock Exchange Inc.
HAE,HAEMONETICS CORP,Equity,0.49,70.9,"2,473,722.00","175,386,889.80","175,386,889.80",Health Care,2401195,US4050241003,New York Stock Exchange Inc.
FIVE,FIVE BELOW INC,Equity,0.48,66.85,"2,606,159.00","174,221,729.15","174,221,729.15",Consumer Discretionary,B85KFY9,US33829M1018,NASDAQ
CACI,CACI INTERNATIONAL INC CLASS A,Equity,0.48,149.05,"1,163,537.00","173,425,189.85","173,425,189.85",Information Technology,2159267,US1271903049,New York Stock Exchange Inc.
EVR,EVERCORE INC CLASS A,Equity,0.47,93.05,"1,825,094.00","169,824,996.70","169,824,996.70",Financials,B1BHXZ2,US29977A1051,New York Stock Exchange Inc.
FCFS,FIRSTCASH INC,Equity,0.46,73.7,"2,230,425.00","164,382,322.50","164,382,322.50",Financials,BZCG9B4,US33767D1054,New York Stock Exchange Inc.
JBT,JOHN BEAN TECHNOLOGIES CORP,Equity,0.46,110.75,"1,483,433.00","164,290,204.75","164,290,204.75",Industrials,B3BRJZ8,US4778391049,New York Stock Exchange Inc.
ALE,ALLETE INC,Equity,0.46,68.15,"2,401,946.00","163,692,619.90","163,692,619.90",Utilities,B02R1L6,US0185223007,New York Stock Exchange Inc.
PDCE,PDC ENERGY INC,Equity,0.46,52.53,"3,114,627.00","163,611,356.31","163,611,356.31",Energy,B89M5F2,US69327R1014,NASDAQ
ICUI,ICU MEDICAL INC,Equity,0.45,231.25,"705,758.00","163,206,537.50","163,206,537.50",Health Care,2451918,US44930G1076,NASDAQ
IART,INTEGRA LIFESCIENCES HOLDINGS CORP,Equity,0.44,52.73,"2,977,788.00","157,018,761.24","157,018,761.24",Health Care,2248693,US4579852082,NASDAQ
SIGI,SELECTIVE INSURANCE GROUP INC,Equity,0.44,56.85,"2,760,165.00","156,915,380.25","156,915,380.25",Financials,2766173,US8163001071,NASDAQ
VAC,MARRIOTT VACATIONS WORLDWIDE CORP,Equity,0.44,140.5,"1,114,687.00","156,613,523.50","156,613,523.50",Consumer Discretionary,B45K9N8,US57164Y1073,New York Stock Exchange Inc.
SR,SPIRE INC,Equity,0.43,67.8,"2,276,744.00","154,363,243.20","154,363,243.20",Utilities,BYXJQG9,US84857L1017,New York Stock Exchange Inc.
LGND,LIGAND PHARMACEUTICALS INC,Equity,0.42,151.89,"987,837.00","150,042,561.93","150,042,561.93",Health Care,2501578,US53220K5048,NASDAQ
NGVT,INGEVITY CORP,Equity,0.41,74.91,"1,985,271.00","148,716,650.61","148,716,650.61",Materials,BD4LHG4,US45688C1071,New York Stock Exchange Inc.
STMP,STAMPS.COM INC,Equity,0.41,191.05,"768,367.00","146,796,515.35","146,796,515.35",Information Technology,B013D75,US8528572006,NASDAQ
COLB,COLUMBIA BANKING SYSTEM INC,Equity,0.4,41.78,"3,450,386.00","144,157,127.08","144,157,127.08",Financials,2176608,US1972361026,NASDAQ
AVA,AVISTA CORP,Equity,0.4,47.83,"3,009,953.00","143,966,051.99","143,966,051.99",Utilities,2942605,US05379B1070,New York Stock Exchange Inc.
FFIN,FIRST FINANCIAL BANKSHARES INC,Equity,0.4,46,"3,128,409.00","143,906,814.00","143,906,814.00",Financials,2266026,US32020R1095,NASDAQ
KS,KAPSTONE PAPER AND PACKAGING CORP,Equity,0.4,34.89,"4,122,810.00","143,844,840.90","143,844,840.90",Materials,B0L2NP0,US48562P1030,New York Stock Exchange Inc.
TREX,TREX INC,Equity,0.4,103.4,"1,388,892.00","143,611,432.80","143,611,432.80",Industrials,2483074,US89531P1057,New York Stock Exchange Inc.
GBCI,GLACIER BANCORP INC,Equity,0.4,38.9,"3,688,532.00","143,483,894.80","143,483,894.80",Financials,2370585,US37637Q1058,NASDAQ
DAR,DARLING INGREDIENTS INC,Equity,0.39,18.19,"7,789,043.00","141,682,692.17","141,682,692.17",Consumer Staples,2250289,US2372661015,New York Stock Exchange Inc.
GDOT,GREEN DOT CORP CLASS A,Equity,0.39,65.13,"2,163,695.00","140,921,455.35","140,921,455.35",Financials,B3WNNP3,US39304D1028,New York Stock Exchange Inc.
B,BARNES GROUP INC,Equity,0.39,60.31,"2,323,533.00","140,132,275.23","140,132,275.23",Industrials,2080732,US0678061096,New York Stock Exchange Inc.
NEOG,NEOGEN CORP,Equity,0.39,58.27,"2,392,120.00","139,388,832.40","139,388,832.40",Health Care,2630085,US6404911066,NASDAQ
HQY,HEALTHEQUITY INC,Equity,0.39,57.58,"2,411,581.00","138,858,833.98","138,858,833.98",Health Care,BP8XZL1,US42226A1079,NASDAQ
OLLI,OLLIES BARGAIN OUTLET HOLDINGS INC,Equity,0.38,59.35,"2,301,568.00","136,598,060.80","136,598,060.80",Consumer Discretionary,BZ22B38,US6811161099,NASDAQ
SKYW,SKYWEST INC,Equity,0.37,54.8,"2,443,431.00","133,900,018.80","133,900,018.80",Industrials,2814210,US8308791024,NASDAQ
WWW,WOLVERINE WORLD WIDE INC,Equity,0.37,29.28,"4,523,203.00","132,439,383.84","132,439,383.84",Consumer Discretionary,2977500,US9780971035,New York Stock Exchange Inc.
EGP,EASTGROUP PROPERTIES REIT INC,Equity,0.37,81.03,"1,628,280.00","131,939,528.40","131,939,528.40",Real Estate,2455761,US2772761019,New York Stock Exchange Inc.
HI,HILLENBRAND INC,Equity,0.36,43.9,"2,955,529.00","129,747,723.10","129,747,723.10",Industrials,B2QGDP1,US4315711089,New York Stock Exchange Inc.
TTEK,TETRA TECH INC,Equity,0.36,48.95,"2,636,467.00","129,055,059.65","129,055,059.65",Industrials,2883890,US88162G1031,NASDAQ
LCII,LCI INDUSTRIES,Equity,0.36,109.3,"1,175,815.00","128,516,579.50","128,516,579.50",Consumer Discretionary,BYQ44Y5,US50189K1034,New York Stock Exchange Inc.
MOGA,MOOG INC CLASS A,Equity,0.36,83.83,"1,529,080.00","128,182,776.40","128,182,776.40",Industrials,2601218,US6153942023,New York Stock Exchange Inc.
AIT,APPLIED INDUSTRIAL TECHNOLOGIES IN,Equity,0.36,70.4,"1,819,916.00","128,122,086.40","128,122,086.40",Industrials,2086309,US03820C1053,New York Stock Exchange Inc.
CBU,COMMUNITY BANK SYSTEM INC,Equity,0.36,53.31,"2,394,149.00","127,632,083.19","127,632,083.19",Financials,2222062,US2036071064,New York Stock Exchange Inc.
PRLB,PROTO LABS INC,Equity,0.35,108.95,"1,170,097.00","127,482,068.15","127,482,068.15",Industrials,B6T6J81,US7437131094,New York Stock Exchange Inc.
TREE,LENDINGTREE INC,Equity,0.35,348.5,"356,553.00","124,258,720.50","124,258,720.50",Financials,BV8TD84,US52603B1070,NASDAQ
AMN,AMN HEALTHCARE INC,Equity,0.35,55.65,"2,232,737.00","124,251,814.05","124,251,814.05",Health Care,2813552,US0017441017,New York Stock Exchange Inc.
AEIS,ADVANCED ENERGY INDUSTRIES INC,Equity,0.34,66.32,"1,868,659.00","123,929,464.88","123,929,464.88",Information Technology,2049175,US0079731008,NASDAQ
CCMP,CABOT MICROELECTRONICS CORP,Equity,0.34,101.9,"1,185,242.00","120,776,159.80","120,776,159.80",Information Technology,2572381,US12709P1030,NASDAQ
PRA,PROASSURANCE CORP,Equity,0.34,47.8,"2,525,483.00","120,718,087.40","120,718,087.40",Financials,2612737,US74267C1062,New York Stock Exchange Inc.
FUL,HB FULLER,Equity,0.33,50.39,"2,382,041.00","120,031,045.99","120,031,045.99",Materials,2354664,US3596941068,New York Stock Exchange Inc.
ROG,ROGERS CORP,Equity,0.33,137.32,"860,787.00","118,203,270.84","118,203,270.84",Information Technology,2746700,US7751331015,New York Stock Exchange Inc.
LAD,LITHIA MOTORS INC CLASS A,Equity,0.33,103.89,"1,135,427.00","117,959,511.03","117,959,511.03",Consumer Discretionary,2515030,US5367971034,New York Stock Exchange Inc.
SFLY,SHUTTERFLY INC,Equity,0.33,76.73,"1,535,130.00","117,790,524.90","117,790,524.90",Consumer Discretionary,B188HK1,US82568P3047,NASDAQ
FMBI,FIRST MIDWEST BANCORP INC,Equity,0.33,24.22,"4,860,875.00","117,730,392.50","117,730,392.50",Financials,2341439,US3208671046,NASDAQ
BLD,TOPBUILD CORP,Equity,0.32,69.64,"1,675,383.00","116,673,672.12","116,673,672.12",Consumer Discretionary,BZ0P3W2,US89055F1030,New York Stock Exchange Inc.
PLCE,CHILDRENS PLACE INC,Equity,0.32,142.3,"811,823.00","115,522,412.90","115,522,412.90",Consumer Discretionary,2106791,US1689051076,NASDAQ
NSP,INSPERITY INC,Equity,0.32,65.3,"1,757,074.00","114,736,932.20","114,736,932.20",Industrials,2007281,US45778Q1076,New York Stock Exchange Inc.
MGLN,MAGELLAN HEALTH INC,Equity,0.32,100.9,"1,136,136.00","114,636,122.40","114,636,122.40",Health Care,2307787,US5590792074,NASDAQ
GWB,GREAT WESTERN BANCORP INC,Equity,0.32,40.89,"2,786,483.00","113,939,289.87","113,939,289.87",Financials,BRHZ1X6,US3914161043,New York Stock Exchange Inc.
BCPC,BALCHEM CORP,Equity,0.32,75.25,"1,511,252.00","113,721,713.00","113,721,713.00",Materials,2072074,US0576652004,NASDAQ
UNF,UNIFIRST CORP,Equity,0.32,155.3,"731,759.00","113,642,172.70","113,642,172.70",Industrials,2466428,US9047081040,New York Stock Exchange Inc.
ITRI,ITRON INC,Equity,0.31,70,"1,607,684.00","112,537,880.00","112,537,880.00",Information Technology,2471949,US4657411066,NASDAQ
KFY,KORN FERRY INTERNATIONAL,Equity,0.31,41.91,"2,675,439.00","112,127,648.49","112,127,648.49",Industrials,2386849,US5006432000,New York Stock Exchange Inc.
QLYS,QUALYS INC,Equity,0.31,74.05,"1,510,628.00","111,862,003.40","111,862,003.40",Information Technology,B7XJTN8,US74758T3032,NASDAQ
RLI,RLI CORP,Equity,0.31,60.8,"1,836,509.00","111,659,747.20","111,659,747.20",Financials,2719070,US7496071074,New York Stock Exchange Inc.
CVBF,CVB FINANCIAL CORP,Equity,0.31,23,"4,841,764.00","111,360,572.00","111,360,572.00",Financials,2160645,US1266001056,NASDAQ
HOPE,HOPE BANCORP INC,Equity,0.31,18.06,"6,094,835.00","110,072,720.10","110,072,720.10",Financials,BYN87K7,US43940T1097,NASDAQ
SHOO,STEVEN MADDEN LTD,Equity,0.31,43.9,"2,503,799.00","109,916,776.10","109,916,776.10",Consumer Discretionary,2553911,US5562691080,NASDAQ
SSD,SIMPSON MANUFACTURING INC,Equity,0.3,55.32,"1,972,802.00","109,135,406.64","109,135,406.64",Industrials,2809250,US8290731053,New York Stock Exchange Inc.
ONB,OLD NATIONAL BANCORP,Equity,0.3,17,"6,333,410.00","107,667,970.00","107,667,970.00",Financials,2658441,US6800331075,NASDAQ
MMSI,MERIT MEDICAL SYSTEMS INC,Equity,0.3,45.5,"2,364,951.00","107,605,270.50","107,605,270.50",Health Care,2580555,US5898891040,NASDAQ
MYGN,MYRIAD GENETICS INC,Equity,0.29,32.42,"3,262,645.00","105,774,950.90","105,774,950.90",Health Care,2614153,US62855J1043,NASDAQ
PRGS,PROGRESS SOFTWARE CORP,Equity,0.29,46.87,"2,255,677.00","105,723,580.99","105,723,580.99",Information Technology,2705198,US7433121008,NASDAQ
SMTC,SEMTECH CORP,Equity,0.29,33.65,"3,122,811.00","105,082,590.15","105,082,590.15",Information Technology,2795542,US8168501018,NASDAQ
UCBI,UNITED COMMUNITY BANKS INC,Equity,0.29,30.91,"3,398,887.00","105,059,597.17","105,059,597.17",Financials,2862156,US90984P3038,NASDAQ
SFNC,SIMMONS FIRST NATIONAL CORP CLASS,Equity,0.29,28.45,"3,688,847.00","104,947,697.15","104,947,697.15",Financials,2810133,US8287302009,NASDAQ
PSB,PS BUSINESS PARKS REIT INC,Equity,0.29,110.86,"941,819.00","104,410,054.34","104,410,054.34",Real Estate,2707956,US69360J1079,New York Stock Exchange Inc.
MRCY,MERCURY SYSTEMS INC,Equity,0.29,45.97,"2,267,109.00","104,219,000.73","104,219,000.73",Industrials,2144047,US5893781089,NASDAQ
VIAV,VIAVI SOLUTIONS INC,Equity,0.29,9.62,"10,765,757.00","103,566,582.34","103,566,582.34",Information Technology,BYXB201,US9255501051,NASDAQ
AXE,ANIXTER INTERNATIONAL INC,Equity,0.29,75.55,"1,369,142.00","103,438,678.10","103,438,678.10",Information Technology,2468844,US0352901054,New York Stock Exchange Inc.
SRCI,SRC ENERGY INC,Equity,0.28,8.87,"11,421,646.00","101,310,000.02","101,310,000.02",Energy,BD8ZX20,US78470V1089,Nyse Mkt Llc
FNGN,FINANCIAL ENGINES INC,Equity,0.28,33.5,"3,004,353.00","100,645,825.50","100,645,825.50",Financials,B65V2X6,US3174851002,NASDAQ
IIVI,II VI INC,Equity,0.28,38.5,"2,596,671.00","99,971,833.50","99,971,833.50",Information Technology,2452698,US9021041085,NASDAQ
VG,VONAGE HOLDINGS CORP,Equity,0.28,10.15,"9,828,311.00","99,757,356.65","99,757,356.65",Telecommunications,B15JLG1,US92886T2015,New York Stock Exchange Inc.
SLCA,US SILICA HOLDINGS INC,Equity,0.28,25.89,"3,841,428.00","99,454,570.92","99,454,570.92",Energy,B7GGNT0,US90346E1038,New York Stock Exchange Inc.
WTS,WATTS WATER TECHNOLOGIES INC CLASS,Equity,0.28,75.5,"1,314,358.00","99,234,029.00","99,234,029.00",Industrials,2943620,US9427491025,New York Stock Exchange Inc.
BOFI,BOFI HOLDING INC,Equity,0.27,37.19,"2,653,938.00","98,699,954.22","98,699,954.22",Financials,B0637D4,US05566U1088,NASDAQ
SJI,S JERSEY INDS INC,Equity,0.27,26.21,"3,762,948.00","98,626,867.08","98,626,867.08",Utilities,2825933,US8385181081,New York Stock Exchange Inc.
WAGE,WAGEWORKS INC,Equity,0.27,52.45,"1,879,223.00","98,565,246.35","98,565,246.35",Industrials,B6WG4R2,US9304271094,New York Stock Exchange Inc.
MDR,MCDERMOTT INTERNATIONAL INC,Equity,0.27,7.3,"13,443,877.00","98,140,302.10","98,140,302.10",Energy,2550310,PA5800371096,New York Stock Exchange Inc.
FLOW,SPX FLOW INC,Equity,0.27,48.76,"2,005,896.00","97,807,488.96","97,807,488.96",Industrials,BYMN2T7,US78469X1072,New York Stock Exchange Inc.
INGN,INOGEN INC,Equity,0.27,120.82,"807,038.00","97,506,331.16","97,506,331.16",Health Care,BJSVLL5,US45780L1044,NASDAQ
ALGT,ALLEGIANT TRAVEL,Equity,0.27,166.3,"586,249.00","97,493,208.70","97,493,208.70",Industrials,B15M2C3,US01748X1028,NASDAQ
DRH,DIAMONDROCK HOSPITALITY REIT,Equity,0.27,10.28,"9,482,328.00","97,478,331.84","97,478,331.84",Real Estate,B090B96,US2527843013,New York Stock Exchange Inc.
DORM,DORMAN PRODUCTS INC,Equity,0.27,69,"1,403,184.00","96,819,696.00","96,819,696.00",Consumer Discretionary,2718594,US2582781009,NASDAQ
AJRD,AEROJET ROCKETDYNE HOLDINGS INC,Equity,0.27,27,"3,556,697.00","96,030,819.00","96,030,819.00",Industrials,BWD7PX9,US0078001056,New York Stock Exchange Inc.
AKR,ACADIA REALTY TRUST REIT TRUST,Equity,0.27,24.08,"3,965,877.00","95,498,318.16","95,498,318.16",Real Estate,2566522,US0042391096,New York Stock Exchange Inc.
UFPI,UNIVERSAL FOREST PRODUCTS INC,Equity,0.27,32.94,"2,896,480.00","95,410,051.20","95,410,051.20",Industrials,2906496,US9135431040,NASDAQ
PLXS,PLEXUS CORP,Equity,0.26,60.32,"1,571,505.00","94,793,181.60","94,793,181.60",Information Technology,2692160,US7291321005,NASDAQ
EXPO,EXPONENT INC,Equity,0.26,77.75,"1,214,621.00","94,436,782.75","94,436,782.75",Industrials,2330318,US30214U1025,NASDAQ
POWI,POWER INTEGRATIONS INC,Equity,0.26,67.2,"1,404,869.00","94,407,196.80","94,407,196.80",Information Technology,2133045,US7392761034,NASDAQ
SUPN,SUPERNUS PHARMACEUTICALS INC,Equity,0.26,38.9,"2,419,956.00","94,136,288.40","94,136,288.40",Health Care,B72ZBG4,US8684591089,NASDAQ
SANM,SANMINA CORP,Equity,0.26,27.55,"3,410,132.00","93,949,136.60","93,949,136.60",Information Technology,B92RRW2,US8010561020,NASDAQ
ABCB,AMERIS BANCORP,Equity,0.26,53.15,"1,765,393.00","93,830,637.95","93,830,637.95",Financials,2038849,US03076K1088,NASDAQ
JJSF,J AND J SNACK FOODS CORP,Equity,0.26,134.33,"696,574.00","93,570,785.42","93,570,785.42",Consumer Staples,2469171,US4660321096,NASDAQ
MDCO,MEDICINES,Equity,0.26,30.62,"3,021,211.00","92,509,480.82","92,509,480.82",Health Care,2616773,US5846881051,NASDAQ
EE,EL PASO ELECTRIC,Equity,0.26,48.6,"1,900,853.00","92,381,455.80","92,381,455.80",Utilities,2851808,US2836778546,New York Stock Exchange Inc.
ABM,ABM INDUSTRIES INC,Equity,0.26,35.16,"2,618,152.00","92,054,224.32","92,054,224.32",Industrials,2024901,US0009571003,New York Stock Exchange Inc.
SEM,SELECT MEDICAL HOLDINGS CORP,Equity,0.26,18.1,"5,080,991.00","91,965,937.10","91,965,937.10",Health Care,B4MF0Q6,US81619Q1058,New York Stock Exchange Inc.
EXLS,EXLSERVICE HOLDINGS INC,Equity,0.26,57.02,"1,609,220.00","91,757,724.40","91,757,724.40",Information Technology,B07LST0,US3020811044,NASDAQ
SPPI,SPECTRUM PHARMACEUTICALS INC,Equity,0.25,21.51,"4,244,022.00","91,288,913.22","91,288,913.22",Health Care,2982924,US84763A1088,NASDAQ
CPS,COOPER STANDARD HOLDINGS INC,Equity,0.25,121.84,"748,421.00","91,187,614.64","91,187,614.64",Consumer Discretionary,B51JS17,US21676P1030,New York Stock Exchange Inc.
AWR,AMERICAN STATES WATER,Equity,0.25,53.12,"1,709,858.00","90,827,656.96","90,827,656.96",Utilities,2267171,US0298991011,New York Stock Exchange Inc.
INDB,INDEPENDENT BANK CORP,Equity,0.25,69.4,"1,301,282.00","90,308,970.80","90,308,970.80",Financials,2447821,US4538361084,NASDAQ
HA,HAWAIIAN HOLDINGS INC,Equity,0.25,36,"2,487,018.00","89,532,648.00","89,532,648.00",Industrials,2408044,US4198791018,NASDAQ
KWR,QUAKER CHEMICAL CORP,Equity,0.25,142.53,"627,669.00","89,461,662.57","89,461,662.57",Materials,2715186,US7473161070,New York Stock Exchange Inc.
IRBT,IROBOT CORP,Equity,0.25,67.95,"1,313,040.00","89,221,068.00","89,221,068.00",Consumer Discretionary,B0J2NS5,US4627261005,NASDAQ
ROIC,RETAIL OPPORTUNITY INVESTMENTS REI,Equity,0.25,17.16,"5,199,118.00","89,216,864.88","89,216,864.88",Real Estate,B28YD08,US76131N1019,NASDAQ
BRKS,BROOKS AUTOMATION INC,Equity,0.25,26.71,"3,323,096.00","88,759,894.16","88,759,894.16",Information Technology,2145460,US1143401024,NASDAQ
SAIA,SAIA INC,Equity,0.24,72.65,"1,209,455.00","87,866,905.75","87,866,905.75",Industrials,2982399,US78709Y1055,NASDAQ
MINI,MOBILE MINI INC,Equity,0.24,41.95,"2,088,861.00","87,627,718.95","87,627,718.95",Industrials,2548177,US60740F1057,NASDAQ
AAXN,AXON ENTERPRISE INC,Equity,0.24,34.83,"2,512,781.00","87,520,162.23","87,520,162.23",Industrials,BDT5S35,US05464C1018,NASDAQ
EBIX,EBIX INC,Equity,0.24,83.95,"1,042,416.00","87,510,823.20","87,510,823.20",Information Technology,2008400,US2787152063,NASDAQ
BGS,B AND G FOODS INC,Equity,0.24,27.7,"3,148,076.00","87,201,705.20","87,201,705.20",Consumer Staples,B034L49,US05508R1068,New York Stock Exchange Inc.
PLAY,DAVE AND BUSTERS ENTERTAINMENT INC,Equity,0.24,44.77,"1,947,174.00","87,174,979.98","87,174,979.98",Consumer Discretionary,B8SW166,US2383371091,NASDAQ
AIN,ALBANY INTERNATIONAL CORP CLASS A,Equity,0.24,63.65,"1,364,426.00","86,845,714.90","86,845,714.90",Industrials,2012757,US0123481089,New York Stock Exchange Inc.
TIVO,TIVO CORP,Equity,0.24,15,"5,783,179.00","86,747,685.00","86,747,685.00",Information Technology,BD8FFY6,US88870P1066,NASDAQ
AMWD,AMERICAN WOODMARK CORP,Equity,0.24,128.4,"675,478.00","86,731,375.20","86,731,375.20",Industrials,2030674,US0305061097,NASDAQ
FCN,FTI CONSULTING INC,Equity,0.24,47.69,"1,803,574.00","86,012,444.06","86,012,444.06",Industrials,2351449,US3029411093,New York Stock Exchange Inc.
CWT,CALIFORNIA WATER SERVICE GROUP,Equity,0.24,37.95,"2,266,065.00","85,997,166.75","85,997,166.75",Utilities,2165383,US1307881029,New York Stock Exchange Inc.
BANR,BANNER CORP,Equity,0.24,55.28,"1,554,769.00","85,947,630.32","85,947,630.32",Financials,2346003,US06652V2088,NASDAQ
SFBS,SERVISFIRST BANCSHARES INC,Equity,0.24,40.16,"2,137,049.00","85,823,887.84","85,823,887.84",Financials,BMH0MP5,US81768T1088,NASDAQ
SEDG,SOLAREDGE TECHNOLOGIES INC,Equity,0.24,50.05,"1,714,248.00","85,798,112.40","85,798,112.40",Information Technology,BWC52Q6,US83417M1045,NASDAQ
BRC,BRADY CORP CLASS A,Equity,0.24,37.4,"2,279,282.00","85,245,146.80","85,245,146.80",Industrials,2117726,US1046741062,New York Stock Exchange Inc.
TVPT,TRAVELPORT WORLDWIDE LTD,Equity,0.24,14.25,"5,939,563.00","84,638,772.75","84,638,772.75",Information Technology,BQV0M37,BMG9019D1048,New York Stock Exchange Inc.
ARI,APOLLO COMMERCIAL REAL ESTATE FINA,Equity,0.24,18.26,"4,627,274.00","84,494,023.24","84,494,023.24",Financials,B4JTYX6,US03762U1051,New York Stock Exchange Inc.
LTXB,LEGACYTEXAS FINANCIAL GROUP INC,Equity,0.23,41.89,"2,002,214.00","83,872,744.46","83,872,744.46",Financials,BV2CL41,US52471Y1064,NASDAQ
CCOI,COGENT COMMUNICATIONS HOLDINGS INC,Equity,0.23,42.85,"1,948,330.00","83,485,940.50","83,485,940.50",Telecommunications,B06RWD1,US19239V3024,NASDAQ
AEL,AMERICAN EQUITY INVESTMENT LIFE HO,Equity,0.23,30.61,"2,726,476.00","83,457,430.36","83,457,430.36",Financials,2191300,US0256762065,New York Stock Exchange Inc.
NTGR,NETGEAR INC,Equity,0.23,55.75,"1,490,938.00","83,119,793.50","83,119,793.50",Information Technology,2688363,US64111Q1040,NASDAQ
EBS,EMERGENT BIOSOLUTIONS INC,Equity,0.23,49.7,"1,665,043.00","82,752,637.10","82,752,637.10",Health Care,B1HJLW5,US29089Q1058,New York Stock Exchange Inc.
LXP,LEXINGTON REALTY TRUST REIT TRUST,Equity,0.23,7.96,"10,283,223.00","81,854,455.08","81,854,455.08",Real Estate,2139151,US5290431015,New York Stock Exchange Inc.
PRAA,PRA GROUP INC,Equity,0.23,38.3,"2,136,340.00","81,821,822.00","81,821,822.00",Financials,BSHZ3P9,US69354N1063,NASDAQ
IVR,INVESCO MORTGAGE CAPITAL REIT INC,Equity,0.23,15.37,"5,291,465.00","81,329,817.05","81,329,817.05",Financials,B5ZW0F0,US46131B1008,New York Stock Exchange Inc.
WDFC,WD-40,Equity,0.23,124.7,"651,945.00","81,297,541.50","81,297,541.50",Consumer Staples,2944742,US9292361071,NASDAQ
PENN,PENN NATIONAL GAMING INC,Equity,0.22,26.61,"3,032,595.00","80,697,352.95","80,697,352.95",Consumer Discretionary,2682105,US7075691094,NASDAQ
GTLS,CHART INDUSTRIES INC,Equity,0.22,55.11,"1,461,404.00","80,537,974.44","80,537,974.44",Industrials,B19HNF4,US16115Q3083,NASDAQ
CBM,CAMBREX CORP,Equity,0.22,51.95,"1,545,290.00","80,277,815.50","80,277,815.50",Health Care,2165811,US1320111073,New York Stock Exchange Inc.
FFBC,FIRST FINANCIAL BANCORP,Equity,0.22,27.2,"2,948,869.00","80,209,236.80","80,209,236.80",Financials,2352806,US3202091092,NASDAQ
KAMN,KAMAN CORP,Equity,0.22,61.22,"1,308,562.00","80,110,165.64","80,110,165.64",Industrials,2483223,US4835481031,New York Stock Exchange Inc.
NWBI,NORTHWEST BANCSHARES INC,Equity,0.22,16.41,"4,846,387.00","79,529,210.67","79,529,210.67",Financials,B523Z73,US6673401039,NASDAQ
KALU,KAISER ALUMINIUM CORP,Equity,0.22,100.37,"792,194.00","79,512,511.78","79,512,511.78",Materials,B15CJ33,US4830077040,NASDAQ
HMN,HORACE MANN EDUCATORS CORP,Equity,0.22,41.15,"1,930,333.00","79,433,202.95","79,433,202.95",Financials,2437112,US4403271046,New York Stock Exchange Inc.
HF,HFF INC CLASS A,Equity,0.22,45.66,"1,737,099.00","79,315,940.34","79,315,940.34",Real Estate,B1Q1RT1,US40418F1084,New York Stock Exchange Inc.
MNRO,MONRO INC,Equity,0.22,50.9,"1,544,231.00","78,601,357.90","78,601,357.90",Consumer Discretionary,2600088,US6102361010,NASDAQ
AMED,AMEDISYS INC,Equity,0.22,59.21,"1,326,769.00","78,557,992.49","78,557,992.49",Health Care,2024332,US0234361089,NASDAQ
EGHT,8X8 INC,Equity,0.22,18.25,"4,294,098.00","78,367,288.50","78,367,288.50",Information Technology,2037170,US2829141009,New York Stock Exchange Inc.
MATW,MATTHEWS INTERNATIONAL CORP CLASS,Equity,0.22,51.25,"1,527,795.00","78,299,493.75","78,299,493.75",Industrials,2568090,US5771281012,NASDAQ
OMCL,OMNICELL INC,Equity,0.22,43.65,"1,789,450.00","78,109,492.50","78,109,492.50",Health Care,2789523,US68213N1090,NASDAQ
KLIC,KULICKE AND SOFFA INDUSTRIES INC,Equity,0.22,23.3,"3,337,212.00","77,757,039.60","77,757,039.60",Information Technology,2498001,US5012421013,NASDAQ
PPBI,PACFIC PREMIER BANCORP INC,Equity,0.22,42.05,"1,844,702.00","77,569,719.10","77,569,719.10",Financials,2767217,US69478X1054,NASDAQ
HSC,HARSCO CORP,Equity,0.22,20.25,"3,830,344.00","77,564,466.00","77,564,466.00",Industrials,2412700,US4158641070,New York Stock Exchange Inc.
AKS,AK STEEL HOLDING CORP,Equity,0.21,5.16,"14,933,630.00","77,057,530.80","77,057,530.80",Materials,2067735,US0015471081,New York Stock Exchange Inc.
FWRD,FORWARD AIR CORP,Equity,0.21,54,"1,413,887.00","76,349,898.00","76,349,898.00",Industrials,2510790,US3498531017,NASDAQ
MTH,MERITAGE CORP,Equity,0.21,42.4,"1,795,454.00","76,127,249.60","76,127,249.60",Consumer Discretionary,2601326,US59001A1025,New York Stock Exchange Inc.
RH,RH,Equity,0.21,84.88,"887,758.00","75,352,899.04","75,352,899.04",Consumer Discretionary,BYXR425,US74967X1037,New York Stock Exchange Inc.
SCL,STEPAN,Equity,0.21,80.1,"940,067.00","75,299,366.70","75,299,366.70",Materials,2845005,US8585861003,New York Stock Exchange Inc.
IOSP,INNOSPEC INC,Equity,0.21,64.95,"1,148,923.00","74,622,548.85","74,622,548.85",Materials,2245597,US45768S1050,NASDAQ
CHSP,CHESAPEAKE LODGING TRUST REIT TRUS,Equity,0.21,25.86,"2,855,753.00","73,849,772.58","73,849,772.58",Real Estate,B4TC8L1,US1652401027,New York Stock Exchange Inc.
CSGS,CSG SYSTEMS INTERNATIONAL INC,Equity,0.21,46.68,"1,577,857.00","73,654,364.76","73,654,364.76",Information Technology,2210885,US1263491094,NASDAQ
BCC,BOISE CASCADE,Equity,0.2,40.3,"1,826,679.00","73,615,163.70","73,615,163.70",Materials,B9BP4R1,US09739D1000,New York Stock Exchange Inc.
NPO,ENPRO INDUSTRIES INC,Equity,0.2,72.46,"1,010,094.00","73,191,411.24","73,191,411.24",Industrials,2951292,US29355X1072,New York Stock Exchange Inc.
CUB,CUBIC CORP,Equity,0.2,61.4,"1,190,923.00","73,122,672.20","73,122,672.20",Industrials,2239266,US2296691064,New York Stock Exchange Inc.
MLI,MUELLER INDUSTRIES INC,Equity,0.2,26.49,"2,753,584.00","72,942,440.16","72,942,440.16",Industrials,2609717,US6247561029,New York Stock Exchange Inc.
GIII,G III APPAREL GROUP LTD,Equity,0.2,36.91,"1,974,856.00","72,891,934.96","72,891,934.96",Consumer Discretionary,2369721,US36237H1014,NASDAQ
AAWW,ATLAS AIR WORLDWIDE HOLDINGS INC,Equity,0.2,60.85,"1,188,326.00","72,309,637.10","72,309,637.10",Industrials,B01Z8P4,US0491642056,NASDAQ
NBTB,NBT BANCORP INC,Equity,0.2,34.8,"2,065,094.00","71,865,271.20","71,865,271.20",Financials,2626459,US6287781024,NASDAQ
FIX,COMFORT SYSTEMS USA INC,Equity,0.2,41.05,"1,750,332.00","71,851,128.60","71,851,128.60",Industrials,2036047,US1999081045,New York Stock Exchange Inc.
FELE,FRANKLIN ELECTRIC INC,Equity,0.2,39.15,"1,833,276.00","71,772,755.40","71,772,755.40",Industrials,2350383,US3535141028,NASDAQ
ESE,ESCO TECHNOLOGIES INC,Equity,0.2,58.9,"1,215,980.00","71,621,222.00","71,621,222.00",Industrials,2321583,US2963151046,New York Stock Exchange Inc.
PFS,PROVIDENT FINANCIAL SERVICES INC,Equity,0.2,24.88,"2,874,036.00","71,506,015.68","71,506,015.68",Financials,2171603,US74386T1051,New York Stock Exchange Inc.
IPXL,IMPAX LABORATORIES INC,Equity,0.2,20.4,"3,501,718.00","71,435,047.20","71,435,047.20",Health Care,2373722,US45256B1017,NASDAQ
WABC,WESTAMERICA BANCORPORATION,Equity,0.2,57.29,"1,244,850.00","71,317,456.50","71,317,456.50",Financials,2950374,US9570901036,NASDAQ
WWE,WORLD WRESTLING ENTERTAINMENT INC,Equity,0.2,38.15,"1,859,199.00","70,928,441.85","70,928,441.85",Consumer Discretionary,2503529,US98156Q1085,New York Stock Exchange Inc.
GBX,GREENBRIER INC,Equity,0.2,51.8,"1,364,695.00","70,691,201.00","70,691,201.00",Industrials,2387530,US3936571013,New York Stock Exchange Inc.
AAON,AAON INC,Equity,0.2,36.75,"1,922,126.00","70,638,130.50","70,638,130.50",Industrials,2268130,US0003602069,NASDAQ
TTMI,TTM TECHNOLOGIES INC,Equity,0.2,16.16,"4,369,648.00","70,613,511.68","70,613,511.68",Information Technology,2635659,US87305R1095,NASDAQ
ABAX,ABAXIS INC,Equity,0.2,66.67,"1,058,745.00","70,586,529.15","70,586,529.15",Health Care,2011550,US0025671050,NASDAQ
BGC,GENERAL CABLE CORP,Equity,0.2,29.55,"2,381,704.00","70,379,353.20","70,379,353.20",Industrials,2369851,US3693001089,New York Stock Exchange Inc.
BHE,BENCHMARK ELECTRONICS INC,Equity,0.2,30,"2,335,977.00","70,079,310.00","70,079,310.00",Information Technology,2090816,US08160H1014,New York Stock Exchange Inc.
NWN,NORTHWEST NATURAL GAS,Equity,0.19,52.15,"1,342,985.00","70,036,667.75","70,036,667.75",Utilities,2649586,US6676551046,New York Stock Exchange Inc.
LZB,LA-Z-BOY INC,Equity,0.19,30.7,"2,276,533.00","69,889,563.10","69,889,563.10",Consumer Discretionary,2508405,US5053361078,New York Stock Exchange Inc.
CNMD,CONMED CORP,Equity,0.19,60.53,"1,154,503.00","69,882,066.59","69,882,066.59",Health Care,2216010,US2074101013,NASDAQ
PATK,PATRICK INDUSTRIES INC,Equity,0.19,61.45,"1,133,876.00","69,676,680.20","69,676,680.20",Industrials,2673154,US7033431039,NASDAQ
AXL,AMERICAN AXLE AND MANUFACTURING HO,Equity,0.19,14.76,"4,715,434.00","69,599,805.84","69,599,805.84",Consumer Discretionary,2382416,US0240611030,New York Stock Exchange Inc.
LTC,LTC PROPERTIES REIT INC,Equity,0.19,36.95,"1,883,184.00","69,583,648.80","69,583,648.80",Real Estate,2498788,US5021751020,New York Stock Exchange Inc.
TILE,INTERFACE INC,Equity,0.19,24.2,"2,866,207.00","69,362,209.40","69,362,209.40",Industrials,B86V808,US4586653044,NASDAQ
MANT,MANTECH INTERNATIONAL CORP CLASS A,Equity,0.19,56.37,"1,224,482.00","69,024,050.34","69,024,050.34",Information Technology,2825308,US5645631046,NASDAQ
HUBG,HUB GROUP INC CLASS A,Equity,0.19,43.65,"1,580,878.00","69,005,324.70","69,005,324.70",Industrials,2407632,US4433201062,NASDAQ
MEI,METHODE ELECTRONICS INC,Equity,0.19,39.45,"1,741,074.00","68,685,369.30","68,685,369.30",Information Technology,2583297,US5915202007,New York Stock Exchange Inc.
ITGR,INTEGER HOLDINGS CORP,Equity,0.19,51.05,"1,342,738.00","68,546,774.90","68,546,774.90",Health Care,BD06LM7,US45826H1095,New York Stock Exchange Inc.
CORT,CORCEPT THERAPEUTICS INC,Equity,0.19,15.19,"4,484,560.00","68,120,466.40","68,120,466.40",Health Care,B00SCY1,US2183521028,NASDAQ
ELY,CALLAWAY GOLF,Equity,0.19,15.48,"4,388,904.00","67,940,233.92","67,940,233.92",Consumer Discretionary,2173933,US1311931042,New York Stock Exchange Inc.
DSW,DSW INC CLASS A,Equity,0.19,19.61,"3,430,236.00","67,266,927.96","67,266,927.96",Consumer Discretionary,B0BV2V6,US23334L1026,New York Stock Exchange Inc.
ANF,ABERCROMBIE AND FITCH CLASS A,Equity,0.19,20.63,"3,232,780.00","66,692,251.40","66,692,251.40",Consumer Discretionary,2004185,US0028962076,New York Stock Exchange Inc.
MXL,MAXLINEAR INC,Equity,0.18,22.73,"2,905,012.00","66,030,922.76","66,030,922.76",Information Technology,B3RDWC8,US57776J1007,New York Stock Exchange Inc.
FOXF,FOX FACTORY HOLDING CORP,Equity,0.18,37.55,"1,756,705.00","65,964,272.75","65,964,272.75",Consumer Discretionary,BCRY5K3,US35138V1026,NASDAQ
TGI,TRIUMPH GROUP INC,Equity,0.18,27.95,"2,358,655.00","65,924,407.25","65,924,407.25",Industrials,2893071,US8968181011,New York Stock Exchange Inc.
RMBS,RAMBUS INC,Equity,0.18,12.71,"5,167,015.00","65,672,760.65","65,672,760.65",Information Technology,2721967,US7509171069,NASDAQ
ADC,AGREE REALTY REIT CORP,Equity,0.18,47.1,"1,393,208.00","65,620,096.80","65,620,096.80",Real Estate,2062161,US0084921008,New York Stock Exchange Inc.
BMI,BADGER METER INC,Equity,0.18,47.6,"1,377,967.00","65,591,229.20","65,591,229.20",Information Technology,2069128,US0565251081,New York Stock Exchange Inc.
STBA,S AND T BANCORP INC,Equity,0.18,39.46,"1,657,982.00","65,423,969.72","65,423,969.72",Financials,2781109,US7838591011,NASDAQ
SNBR,SLEEP NUMBER CORP,Equity,0.18,34.44,"1,899,607.00","65,422,465.08","65,422,465.08",Consumer Discretionary,BF4HN46,US83125X1037,NASDAQ
AIR,AAR CORP,Equity,0.18,42.58,"1,534,710.00","65,347,951.80","65,347,951.80",Industrials,2001119,US0003611052,New York Stock Exchange Inc.
DIN,DINE BRANDS GLOBAL INC,Equity,0.18,75.98,"859,649.00","65,316,131.02","65,316,131.02",Consumer Discretionary,2456957,US2544231069,New York Stock Exchange Inc.
INN,SUMMIT HOTEL PROPERTIES REIT INC,Equity,0.18,13.17,"4,954,108.00","65,245,602.36","65,245,602.36",Real Estate,B3M7R64,US8660821005,New York Stock Exchange Inc.
WD,WALKER & DUNLOP INC,Equity,0.18,48.33,"1,345,682.00","65,036,811.06","65,036,811.06",Financials,B4TZV44,US93148P1021,New York Stock Exchange Inc.
ATU,ACTUANT CORP CLASS A,Equity,0.18,22.7,"2,850,465.00","64,705,555.50","64,705,555.50",Industrials,2716792,US00508X2036,New York Stock Exchange Inc.
FCF,FIRST COMMONWEALTH FINANCIAL CORP,Equity,0.18,13.97,"4,627,006.00","64,639,273.82","64,639,273.82",Financials,2351546,US3198291078,New York Stock Exchange Inc.
OXM,OXFORD INDUSTRIES INC,Equity,0.18,79.92,"803,554.00","64,220,035.68","64,220,035.68",Consumer Discretionary,2665300,US6914973093,New York Stock Exchange Inc.
HMSY,HMS HOLDINGS CORP,Equity,0.18,16.04,"3,997,120.00","64,113,804.80","64,113,804.80",Health Care,2418043,US40425J1016,NASDAQ
JCP,JC PENNEY INC,Equity,0.18,4.33,"14,806,114.00","64,110,473.62","64,110,473.62",Consumer Discretionary,2680303,US7081601061,New York Stock Exchange Inc.
GPI,GROUP AUTOMOTIVE INC,Equity,0.18,68.84,"930,136.00","64,030,562.24","64,030,562.24",Consumer Discretionary,2121352,US3989051095,New York Stock Exchange Inc.
FCPT,FOUR CORNERS PROPERTY INC TRUST,Equity,0.18,21.96,"2,909,250.00","63,887,130.00","63,887,130.00",Real Estate,BZ16HK0,US35086T1097,New York Stock Exchange Inc.
CVCO,CAVCO INDUSTRIES INC,Equity,0.18,159.1,"398,895.00","63,464,194.50","63,464,194.50",Consumer Discretionary,2787022,US1495681074,NASDAQ
CVGW,CALAVO GROWERS INC,Equity,0.18,85.35,"742,041.00","63,333,199.35","63,333,199.35",Consumer Staples,2859200,US1282461052,NASDAQ
EPAY,BOTTOMLINE TECHNOLOGIES INC,Equity,0.18,37.98,"1,665,423.00","63,252,765.54","63,252,765.54",Information Technology,2389558,US1013881065,NASDAQ
SPXC,SPX CORP,Equity,0.18,31.23,"2,016,986.00","62,990,472.78","62,990,472.78",Industrials,2787185,US7846351044,New York Stock Exchange Inc.
KRA,KRATON CORP,Equity,0.18,42.41,"1,484,084.00","62,940,002.44","62,940,002.44",Materials,B547X79,US50077C1062,New York Stock Exchange Inc.
VREX,VAREX IMAGING CORP,Equity,0.17,34.89,"1,788,830.00","62,412,278.70","62,412,278.70",Health Care,BDQYWV1,US92214X1063,NASDAQ
AAT,AMERICAN ASSETS TRUST REIT INC TRU,Equity,0.17,31.72,"1,958,313.00","62,117,688.36","62,117,688.36",Real Estate,B3NTLD4,US0240131047,New York Stock Exchange Inc.
VRTU,VIRTUSA CORP,Equity,0.17,47.72,"1,298,621.00","61,970,194.12","61,970,194.12",Information Technology,B1YWRN0,US92827P1021,NASDAQ
WING,WINGSTOP INC,Equity,0.17,45.31,"1,364,535.00","61,827,080.85","61,827,080.85",Consumer Discretionary,BYYXHN4,US9741551033,NASDAQ
SHLM,A SCHULMAN INC,Equity,0.17,43.85,"1,405,955.00","61,651,126.75","61,651,126.75",Materials,2779342,US8081941044,NASDAQ
CHS,CHICOS FAS INC,Equity,0.17,10.04,"6,103,258.00","61,276,710.32","61,276,710.32",Consumer Discretionary,2196781,US1686151028,New York Stock Exchange Inc.
FSS,FEDERAL SIGNAL CORP,Equity,0.17,21.39,"2,861,157.00","61,200,148.23","61,200,148.23",Industrials,2333986,US3138551086,New York Stock Exchange Inc.
MNTA,MOMENTA PHARMACEUTICALS INC,Equity,0.17,17.05,"3,589,476.00","61,200,565.80","61,200,565.80",Health Care,B018VB0,US60877T1007,NASDAQ
TVTY,TIVITY HEALTH INC,Equity,0.17,38.55,"1,586,406.00","61,155,951.30","61,155,951.30",Health Care,BD8Q1B8,US88870R1023,NASDAQ
ENSG,ENSIGN GROUP INC,Equity,0.17,26.7,"2,288,012.00","61,089,920.40","61,089,920.40",Health Care,B1YWPP8,US29358P1012,NASDAQ
NP,NEENAH INC,Equity,0.17,76.65,"793,033.00","60,785,979.45","60,785,979.45",Materials,B03W0P7,US6400791090,New York Stock Exchange Inc.
WNC,WABASH NATIONAL CORP,Equity,0.17,21.85,"2,778,964.00","60,720,363.40","60,720,363.40",Industrials,2932048,US9295661071,New York Stock Exchange Inc.
RGEN,REPLIGEN CORP,Equity,0.17,34.29,"1,766,491.00","60,572,976.39","60,572,976.39",Health Care,2731654,US7599161095,NASDAQ
KRG,KITE REALTY GROUP TRUST REIT TRUST,Equity,0.17,15.14,"3,992,013.00","60,439,076.82","60,439,076.82",Real Estate,BPBSZJ1,US49803T3005,New York Stock Exchange Inc.
CENTA,CENTRAL GARDEN AND PET CLASS A,Equity,0.17,36.24,"1,663,807.00","60,296,365.68","60,296,365.68",Consumer Staples,B1P36Y6,US1535272058,NASDAQ
EIG,EMPLOYERS HOLDINGS INC,Equity,0.17,39.15,"1,539,453.00","60,269,584.95","60,269,584.95",Financials,B1Q1RR9,US2922181043,New York Stock Exchange Inc.
WGO,WINNEBAGO INDUSTRIES INC,Equity,0.17,43.55,"1,375,252.00","59,892,224.60","59,892,224.60",Consumer Discretionary,2972721,US9746371007,New York Stock Exchange Inc.
OIS,OIL STATES INTERNATIONAL INC,Equity,0.17,24.6,"2,434,562.00","59,890,225.20","59,890,225.20",Energy,2724472,US6780261052,New York Stock Exchange Inc.
ASIX,ADVANSIX INC,Equity,0.17,41.35,"1,447,695.00","59,862,188.25","59,862,188.25",Materials,BYMMZL7,US00773T1016,New York Stock Exchange Inc.
EFII,ELECTRONICS FOR IMAGING INC,Equity,0.17,27.39,"2,182,814.00","59,787,275.46","59,787,275.46",Information Technology,2310202,US2860821022,NASDAQ
IBP,INSTALLED BUILDING PRODUCTS INC,Equity,0.17,59.75,"998,909.00","59,684,812.75","59,684,812.75",Consumer Discretionary,BJSP4C9,US45780R1014,New York Stock Exchange Inc.
IPCC,INFINITY PROPERTY AND CASUALTY COR,Equity,0.17,117.95,"505,534.00","59,627,735.30","59,627,735.30",Financials,2313739,US45665Q1031,NASDAQ
NSIT,INSIGHT ENTERPRISES INC,Equity,0.17,34.93,"1,704,835.00","59,549,886.55","59,549,886.55",Information Technology,2475060,US45765U1034,NASDAQ
CALM,CAL MAINE FOODS INC,Equity,0.16,42.6,"1,388,656.00","59,156,745.60","59,156,745.60",Consumer Staples,2158781,US1280302027,NASDAQ
MDC,MDC HOLDINGS INC,Equity,0.16,27.68,"2,131,185.00","58,991,200.80","58,991,200.80",Consumer Discretionary,2561204,US5526761086,New York Stock Exchange Inc.
UVV,UNIVERSAL CORP,Equity,0.16,49.15,"1,199,890.00","58,974,593.50","58,974,593.50",Consumer Staples,2923804,US9134561094,New York Stock Exchange Inc.
APOG,APOGEE ENTERPRISES INC,Equity,0.16,43.14,"1,365,022.00","58,887,049.08","58,887,049.08",Industrials,2046176,US0375981091,NASDAQ
BPFH,BOSTON PRIVATE FINANCIAL HOLDINGS,Equity,0.16,14.6,"3,997,147.00","58,358,346.20","58,358,346.20",Financials,2081133,US1011191053,NASDAQ
SXI,STANDEX INTERNATIONAL CORP,Equity,0.16,96.1,"605,814.00","58,218,725.40","58,218,725.40",Industrials,2840174,US8542311076,New York Stock Exchange Inc.
ABG,ASBURY AUTOMOTIVE GROUP INC.,Equity,0.16,65.85,"880,989.00","58,013,125.65","58,013,125.65",Consumer Discretionary,2855855,US0434361046,New York Stock Exchange Inc.
OCLR,OCLARO INC,Equity,0.16,7.17,"8,073,770.00","57,888,930.90","57,888,930.90",Information Technology,B01W5C1,US67555N2062,NASDAQ
SBCF,SEACOAST BANKING OF FLORIDA,Equity,0.16,26.22,"2,202,405.00","57,747,059.10","57,747,059.10",Financials,BH65L93,US8117078019,NASDAQ
BRKL,BROOKLINE BANCORP INC,Equity,0.16,15.85,"3,642,454.00","57,732,895.90","57,732,895.90",Financials,2967675,US11373M1071,NASDAQ
NSA,NATIONAL STORAGE AFFILIATES TRUST,Equity,0.16,24.53,"2,350,782.00","57,664,682.46","57,664,682.46",Real Estate,BWWCK85,US6378701063,New York Stock Exchange Inc.
NAVG,NAVIGATORS GROUP INC,Equity,0.16,53.9,"1,066,109.00","57,463,275.10","57,463,275.10",Financials,2627850,US6389041020,NASDAQ
CAL,CALERES INC,Equity,0.16,28.01,"2,044,730.00","57,272,887.30","57,272,887.30",Consumer Discretionary,BWX4MD9,US1295001044,New York Stock Exchange Inc.
MATX,MATSON INC,Equity,0.16,28.5,"2,008,666.00","57,246,981.00","57,246,981.00",Industrials,B8GNC91,US57686G1058,New York Stock Exchange Inc.
MSTR,MICROSTRATEGY INC CLASS A,Equity,0.16,127.98,"447,064.00","57,215,250.72","57,215,250.72",Information Technology,2974329,US5949724083,NASDAQ
SWM,SCHWEITZER MAUDUIT INTERNATIONAL I,Equity,0.16,39.21,"1,457,517.00","57,149,241.57","57,149,241.57",Materials,2782038,US8085411069,New York Stock Exchange Inc.
RAVN,RAVEN INDUSTRIES INC,Equity,0.16,33.95,"1,682,946.00","57,136,016.70","57,136,016.70",Industrials,2725851,US7542121089,NASDAQ
PJC,PIPER JAFFRAY,Equity,0.16,83.5,"674,904.00","56,354,484.00","56,354,484.00",Financials,2227089,US7240781002,New York Stock Exchange Inc.
TPRE,THIRD POINT REINSURANCE LTD,Equity,0.16,13.9,"4,043,162.00","56,199,951.80","56,199,951.80",Financials,BCZNFT1,BMG8827U1009,New York Stock Exchange Inc.
DIOD,DIODES INC,Equity,0.15,30.1,"1,833,948.00","55,201,834.80","55,201,834.80",Information Technology,2270500,US2545431015,NASDAQ
SYKE,SYKES ENTERPRISES INC,Equity,0.15,29.06,"1,888,506.00","54,879,984.36","54,879,984.36",Information Technology,2860536,US8712371033,NASDAQ
TLRD,TAILORED BRANDS INC,Equity,0.15,23.41,"2,339,583.00","54,769,638.03","54,769,638.03",Consumer Discretionary,BZ8FLW0,US87403A1079,New York Stock Exchange Inc.
ECOL,US ECOLOGY INC,Equity,0.15,52.9,"1,031,966.00","54,591,001.40","54,591,001.40",Industrials,2772396,US91732J1025,NASDAQ
TNC,TENNANT,Equity,0.15,64.4,"843,519.00","54,322,623.60","54,322,623.60",Industrials,2883641,US8803451033,New York Stock Exchange Inc.
USCR,US CONCRETE INC,Equity,0.15,72.75,"745,246.00","54,216,646.50","54,216,646.50",Materials,B4M8043,US90333L2016,NASDAQ
THRM,GENTHERM INC,Equity,0.15,30.8,"1,750,236.00","53,907,268.80","53,907,268.80",Consumer Discretionary,B8JFD24,US37253A1034,NASDAQ
OSIS,OSI SYSTEMS INC,Equity,0.15,63.14,"853,651.00","53,899,524.14","53,899,524.14",Information Technology,2111579,US6710441055,NASDAQ
FN,FABRINET,Equity,0.15,30.15,"1,778,756.00","53,629,493.40","53,629,493.40",Information Technology,B4JSZL8,KYG3323L1005,New York Stock Exchange Inc.
TBI,TRUEBLUE INC,Equity,0.15,27.2,"1,971,532.00","53,625,670.40","53,625,670.40",Industrials,2519849,US89785X1019,New York Stock Exchange Inc.
INVA,INNOVIVA INC,Equity,0.15,15.51,"3,454,323.00","53,576,549.73","53,576,549.73",Health Care,BDDXF67,US45781M1018,NASDAQ
GCI,GANNETT INC,Equity,0.15,10.04,"5,323,270.00","53,445,630.80","53,445,630.80",Consumer Discretionary,BZ0P429,US36473H1041,New York Stock Exchange Inc.
ASTE,ASTEC INDUSTRIES INC,Equity,0.15,58.9,"905,946.00","53,360,219.40","53,360,219.40",Industrials,2060370,US0462241011,NASDAQ
NMIH,NMI HOLDINGS INC CLASS A,Equity,0.15,19.85,"2,666,478.00","52,929,588.30","52,929,588.30",Financials,BGDW5G5,US6292093050,NASDAQ
ROCK,GIBRALTAR INDUSTRIES INC,Equity,0.15,34.7,"1,515,176.00","52,576,607.20","52,576,607.20",Industrials,2369226,US3746891072,NASDAQ
FBP,FIRST BANCORP,Equity,0.15,6.03,"8,693,313.00","52,420,677.39","52,420,677.39",Financials,2296926,PR3186727065,New York Stock Exchange Inc.
ACOR,ACORDA THERAPEUTICS INC,Equity,0.15,23.75,"2,205,887.00","52,389,816.25","52,389,816.25",Health Care,2925844,US00484M1062,NASDAQ
ENTA,ENANTA PHARMACEUTICALS INC,Equity,0.15,78.62,"665,813.00","52,346,218.06","52,346,218.06",Health Care,B9L5200,US29251M1062,NASDAQ
XPER,XPERI CORP,Equity,0.14,22.05,"2,362,131.00","52,084,988.55","52,084,988.55",Information Technology,BYXQNK3,US98421B1008,NASDAQ
PLUS,EPLUS,Equity,0.14,76.55,"676,571.00","51,791,510.05","51,791,510.05",Information Technology,2597748,US2942681071,NASDAQ
SAFT,SAFETY INSURANCE GROUP INC,Equity,0.14,71.35,"724,708.00","51,707,915.80","51,707,915.80",Financials,2958538,US78648T1007,NASDAQ
WIRE,ENCORE WIRE CORP,Equity,0.14,52.4,"985,971.00","51,664,880.40","51,664,880.40",Industrials,2273446,US2925621052,NASDAQ
CCC,CALGON CARBON CORP,Equity,0.14,21.25,"2,398,264.00","50,963,110.00","50,963,110.00",Materials,2164368,US1296031065,New York Stock Exchange Inc.
BCOR,BLUCORA INC,Equity,0.14,23.3,"2,186,124.00","50,936,689.20","50,936,689.20",Information Technology,B8L2DV2,US0952291005,NASDAQ
AZZ,AZZ INC,Equity,0.14,40.85,"1,239,311.00","50,625,854.35","50,625,854.35",Industrials,2067672,US0024741045,New York Stock Exchange Inc.
VVI,VIAD CORP,Equity,0.14,52.05,"970,470.00","50,512,963.50","50,512,963.50",Industrials,B01KGF5,US92552R4065,New York Stock Exchange Inc.
ALG,ALAMO GROUP INC,Equity,0.14,111.15,"453,966.00","50,458,320.90","50,458,320.90",Industrials,2021634,US0113111076,New York Stock Exchange Inc.
RYAM,RAYONIER ADVANCED MATERIALS INC,Equity,0.14,20.37,"2,474,850.00","50,412,694.50","50,412,694.50",Materials,BN458W9,US75508B1044,New York Stock Exchange Inc.
CHCO,CITY HOLDING,Equity,0.14,67.37,"742,690.00","50,035,025.30","50,035,025.30",Financials,2161778,US1778351056,NASDAQ
AMSF,AMERISAFE INC,Equity,0.14,56,"890,817.00","49,885,752.00","49,885,752.00",Financials,B0PPHS6,US03071H1005,NASDAQ
AVAV,AEROVIRONMENT INC,Equity,0.14,49.72,"998,704.00","49,655,562.88","49,655,562.88",Industrials,B1P5YY8,US0080731088,NASDAQ
OSUR,ORASURE TECHNOLOGIES INC,Equity,0.14,17.26,"2,854,958.00","49,276,575.08","49,276,575.08",Health Care,2318790,US68554V1089,NASDAQ
LHCG,LHC GROUP INC,Equity,0.14,64.38,"764,516.00","49,219,540.08","49,219,540.08",Health Care,B06DT50,US50187A1079,NASDAQ
ALOG,ANALOGIC CORP,Equity,0.14,83.5,"589,144.00","49,193,524.00","49,193,524.00",Health Care,2032090,US0326572072,NASDAQ
SPSC,SPS COMMERCE INC,Equity,0.14,60.02,"813,689.00","48,837,613.78","48,837,613.78",Information Technology,B57VWJ3,US78463M1071,NASDAQ
WDR,WADDELL AND REED FINANCIAL INC CLA,Equity,0.14,20,"2,440,397.00","48,807,940.00","48,807,940.00",Financials,2156503,US9300591008,New York Stock Exchange Inc.
OFIX,ORTHOFIX INTERNATIONAL NV,Equity,0.14,56.01,"868,539.00","48,646,869.39","48,646,869.39",Health Care,2644547,ANN6748L1027,NASDAQ
ECPG,ENCORE CAPITAL GROUP INC,Equity,0.14,42.8,"1,133,999.00","48,535,157.20","48,535,157.20",Financials,2443078,US2925541029,NASDAQ
UNT,UNIT CORP,Equity,0.13,19.16,"2,527,527.00","48,427,417.32","48,427,417.32",Energy,2925833,US9092181091,New York Stock Exchange Inc.
GNCMA,GCI LIBERTY INC CLASS A1,Equity,0.13,38.45,"1,259,487.00","48,427,275.15","48,427,275.15",Telecommunications,BDD0WF6,US36164V1070,NASDAQ
SONC,SONIC CORP,Equity,0.13,25.12,"1,918,420.00","48,190,710.40","48,190,710.40",Consumer Discretionary,2821113,US8354511052,NASDAQ
MTRN,MATERION CORP,Equity,0.13,50.4,"953,899.00","48,076,509.60","48,076,509.60",Materials,2149622,US5766901012,New York Stock Exchange Inc.
CTRE,CARETRUST REIT INC,Equity,0.13,13.25,"3,621,388.00","47,983,391.00","47,983,391.00",Real Estate,BMP8TL6,US14174T1079,NASDAQ
SCHL,SCHOLASTIC CORP,Equity,0.13,36.41,"1,313,836.00","47,836,768.76","47,836,768.76",Consumer Discretionary,2779234,US8070661058,NASDAQ
WETF,WISDOMTREE INVESTMENTS INC,Equity,0.13,9.61,"4,950,387.00","47,573,219.07","47,573,219.07",Financials,2476513,US97717P1049,NASDAQ
TYPE,MONOTYPE IMAGING HOLDINGS INC,Equity,0.13,24.1,"1,970,304.00","47,484,326.40","47,484,326.40",Information Technology,B1YWR85,US61022P1003,NASDAQ
FARO,FARO TECHNOLOGIES INC,Equity,0.13,59.35,"799,583.00","47,455,251.05","47,455,251.05",Information Technology,2106661,US3116421021,NASDAQ
BEAT,BIOTELEMETRY INC,Equity,0.13,32.3,"1,465,155.00","47,324,506.50","47,324,506.50",Health Care,BCD7L64,US0906721065,NASDAQ
DPLO,DIPLOMAT PHARMACY INC,Equity,0.13,20.84,"2,269,525.00","47,296,901.00","47,296,901.00",Health Care,BRB38H9,US25456K1016,New York Stock Exchange Inc.
PMT,PENNYMAC MORTGAGE INVESTMENT TRUST,Equity,0.13,16.67,"2,836,796.00","47,289,389.32","47,289,389.32",Financials,B3V8JL7,US70931T1034,New York Stock Exchange Inc.
HAFC,HANMI FINANCIAL CORP,Equity,0.13,30.55,"1,542,857.00","47,134,281.35","47,134,281.35",Financials,B6TPXR5,US4104952043,NASDAQ
VSTO,VISTA OUTDOOR INC,Equity,0.13,17.23,"2,734,525.00","47,115,865.75","47,115,865.75",Consumer Discretionary,BVGC697,US9283771007,New York Stock Exchange Inc.
LGIH,LGI HOMES INC,Equity,0.13,56.59,"828,555.00","46,887,927.45","46,887,927.45",Consumer Discretionary,BG3G1B4,US50187T1060,NASDAQ
CASH,META FINANCIAL GROUP INC,Equity,0.13,107.4,"434,526.00","46,668,092.40","46,668,092.40",Financials,2420316,US59100U1088,NASDAQ
RMAX,RE MAX HOLDINGS INC CLASS A,Equity,0.13,55.3,"838,878.00","46,389,953.40","46,389,953.40",Real Estate,BF23JJ3,US75524W1080,New York Stock Exchange Inc.
IRDM,IRIDIUM COMMUNICATIONS INC,Equity,0.13,11.7,"3,951,991.00","46,238,294.70","46,238,294.70",Telecommunications,B2QH310,US46269C1027,NASDAQ
BGG,BRIGGS AND STRATTON CORP,Equity,0.13,22.48,"2,056,211.00","46,223,623.28","46,223,623.28",Industrials,2156581,US1090431099,New York Stock Exchange Inc.
USPH,US PHYSICAL THERAPY INC,Equity,0.13,77.5,"596,423.00","46,222,782.50","46,222,782.50",Health Care,2911166,US90337L1089,New York Stock Exchange Inc.
BABY,NATUS MEDICAL INC,Equity,0.13,31.15,"1,475,471.00","45,960,921.65","45,960,921.65",Health Care,2771133,US6390501038,NASDAQ
EVTC,EVERTEC INC,Equity,0.13,16.2,"2,835,450.00","45,934,290.00","45,934,290.00",Information Technology,B7KY3Z6,PR30040P1032,New York Stock Exchange Inc.
HTLD,HEARTLAND EXPRESS INC,Equity,0.13,19.52,"2,341,685.00","45,709,691.20","45,709,691.20",Industrials,2414018,US4223471040,NASDAQ
BEL,BELMOND LTD CLASS A,Equity,0.13,11.55,"3,947,699.00","45,595,923.45","45,595,923.45",Consumer Discretionary,BNFZBM9,BMG1154H1079,New York Stock Exchange Inc.
NE,NOBLE PLC,Equity,0.13,3.88,"11,734,139.00","45,528,459.32","45,528,459.32",Energy,BFG3KF2,GB00BFG3KF26,New York Stock Exchange Inc.
BLKFDS,BLK CSH FND TREASURY SL AGENCY,Money Market,0.13,1,"45,489,688.00","45,489,687.94","45,489,687.94",Cash and/or Derivatives,-,US0669224778,-
GES,GUESS INC,Equity,0.13,15.79,"2,873,628.00","45,374,586.12","45,374,586.12",Consumer Discretionary,2387109,US4016171054,New York Stock Exchange Inc.
STC,STEWART INFO SERVICES CORP,Equity,0.13,40.13,"1,130,424.00","45,363,915.12","45,363,915.12",Financials,2848736,US8603721015,New York Stock Exchange Inc.
CORE,CORE MARK HOLDING INC,Equity,0.13,20.47,"2,214,629.00","45,333,455.63","45,333,455.63",Consumer Discretionary,B0637B2,US2186811046,NASDAQ
STRA,STRAYER EDUCATION INC,Equity,0.13,89.64,"504,670.00","45,238,618.80","45,238,618.80",Consumer Discretionary,2853417,US8632361056,NASDAQ
CENX,CENTURY ALUMINUM,Equity,0.13,19.05,"2,362,478.00","45,005,205.90","45,005,205.90",Materials,2186254,US1564311082,NASDAQ
SMP,STANDARD MOTOR PRODUCTS INC,Equity,0.13,46.66,"963,775.00","44,969,741.50","44,969,741.50",Consumer Discretionary,2838306,US8536661056,New York Stock Exchange Inc.
TMP,TOMPKINS FINANCIAL CORP,Equity,0.12,76.74,"585,041.00","44,896,046.34","44,896,046.34",Financials,2888613,US8901101092,Nyse Mkt Llc
UVE,UNIVERSAL INSURANCE HOLDINGS INC,Equity,0.12,29.3,"1,531,783.00","44,881,241.90","44,881,241.90",Financials,2912374,US91359V1070,New York Stock Exchange Inc.
RPT,RAMCO-GERSHENSON PROPERTIES TRUST,Equity,0.12,11.78,"3,787,759.00","44,619,801.02","44,619,801.02",Real Estate,2722777,US7514522025,New York Stock Exchange Inc.
SSTK,SHUTTERSTOCK INC,Equity,0.12,50.25,"878,372.00","44,138,193.00","44,138,193.00",Information Technology,B7ZR219,US8256901005,New York Stock Exchange Inc.
NTRI,NUTRISYSTEM INC,Equity,0.12,30.75,"1,435,251.00","44,133,968.25","44,133,968.25",Consumer Discretionary,2620398,US67069D1081,NASDAQ
ANDE,ANDERSONS INC,Equity,0.12,35.05,"1,258,051.00","44,094,687.55","44,094,687.55",Consumer Staples,2274922,US0341641035,NASDAQ
LNN,LINDSAY CORP,Equity,0.12,88.44,"495,507.00","43,822,639.08","43,822,639.08",Industrials,2516613,US5355551061,New York Stock Exchange Inc.
NEWM,NEW MEDIA INVESTMENT GROUP INC,Equity,0.12,17.25,"2,530,750.00","43,655,437.50","43,655,437.50",Consumer Discretionary,BH2R795,US64704V1061,New York Stock Exchange Inc.
NCI,NAVIGANT CONSULTING INC,Equity,0.12,19.88,"2,194,481.00","43,626,282.28","43,626,282.28",Industrials,2564797,US63935N1072,New York Stock Exchange Inc.
SBSI,SOUTHSIDE BANCSHARES INC,Equity,0.12,33.4,"1,305,433.00","43,601,462.20","43,601,462.20",Financials,2485876,US84470P1093,NASDAQ
PETS,PETMED EXPRESS INC,Equity,0.12,45.19,"964,698.00","43,594,702.62","43,594,702.62",Consumer Discretionary,2143099,US7163821066,NASDAQ
ALRM,ALARM.COM HOLDINGS INC,Equity,0.12,36.13,"1,200,437.00","43,377,790.99","43,377,790.99",Information Technology,BYN7H26,US0116421050,NASDAQ
CPLA,CAPELLA EDUCATION,Equity,0.12,77.7,"556,183.00","43,215,419.10","43,215,419.10",Consumer Discretionary,B0GWDP5,US1395941057,NASDAQ
KELYA,KELLY SERVICES INC CLASS A,Equity,0.12,29.49,"1,461,351.00","43,095,240.99","43,095,240.99",Industrials,2487117,US4881522084,NASDAQ
EGOV,NIC INC,Equity,0.12,13.5,"3,185,496.00","43,004,196.00","43,004,196.00",Information Technology,2438126,US62914B1008,NASDAQ
GLT,GLATFELTER,Equity,0.12,20.41,"2,086,364.00","42,582,689.24","42,582,689.24",Materials,2372008,US3773161043,New York Stock Exchange Inc.
CRAY,CRAY INC,Equity,0.12,21.8,"1,939,585.00","42,282,953.00","42,282,953.00",Information Technology,B16NWY7,US2252233042,NASDAQ
LABL,MULTI COLOR CORP,Equity,0.12,63.35,"666,694.00","42,235,064.90","42,235,064.90",Industrials,2609858,US6253831043,NASDAQ
VRTS,VIRTUS INVESTMENT PARTNERS INC,Equity,0.12,123.05,"342,368.00","42,128,382.40","42,128,382.40",Financials,B3KKGQ8,US92828Q1094,NASDAQ
DNR,DENBURY RESOURCES INC,Equity,0.12,2.19,"19,214,298.00","42,079,312.62","42,079,312.62",Energy,2418474,US2479162081,New York Stock Exchange Inc.
ARR,ARMOUR RESIDENTIAL REIT INC,Equity,0.12,21.42,"1,958,332.00","41,947,471.44","41,947,471.44",Financials,BYRYKS0,US0423155078,New York Stock Exchange Inc.
PGTI,PGT INNOVATIONS INC,Equity,0.12,17.5,"2,394,244.00","41,899,270.00","41,899,270.00",Industrials,B17V2N9,US69336V1017,New York Stock Exchange Inc.
COKE,COCA COLA BOTTLING,Equity,0.12,186.61,"223,149.00","41,641,834.89","41,641,834.89",Consumer Staples,2206721,US1910981026,NASDAQ
KEM,KEMET CORP,Equity,0.12,17.98,"2,310,300.00","41,539,194.00","41,539,194.00",Information Technology,2487612,US4883602074,New York Stock Exchange Inc.
MTSC,MTS SYSTEMS CORP,Equity,0.12,48.95,"844,250.00","41,326,037.50","41,326,037.50",Information Technology,2608985,US5537771033,NASDAQ
VECO,VEECO INSTRUMENTS INC,Equity,0.11,18.15,"2,273,266.00","41,259,777.90","41,259,777.90",Information Technology,2938422,US9224171002,NASDAQ
NBHC,NATIONAL BANK HOLDINGS CORP CLASS,Equity,0.11,32.59,"1,265,876.00","41,254,898.84","41,254,898.84",Financials,B888DV3,US6337071046,New York Stock Exchange Inc.
FSP,FRANKLIN STREET PROPERTIES REIT CO,Equity,0.11,8.09,"5,089,772.00","41,176,255.48","41,176,255.48",Real Estate,B02T2D1,US35471R1068,Nyse Mkt Llc
BANC,BANC OF CALIFORNIA INC,Equity,0.11,19.95,"2,048,307.00","40,863,724.65","40,863,724.65",Financials,BCD47X4,US05990K1060,New York Stock Exchange Inc.
CUBI,CUSTOMERS BANCORP INC,Equity,0.11,29.34,"1,390,744.00","40,804,428.96","40,804,428.96",Financials,B6XHXY4,US23204G1004,New York Stock Exchange Inc.
ARCB,ARCBEST CORP,Equity,0.11,33.1,"1,232,636.00","40,800,251.60","40,800,251.60",Industrials,BLTFST7,US03937C1053,NASDAQ
CECO,CAREER EDUCATION CORP,Equity,0.11,13.23,"3,082,251.00","40,778,180.73","40,778,180.73",Consumer Discretionary,2143646,US1416651099,NASDAQ
CTS,CTS CORP,Equity,0.11,25.7,"1,582,965.00","40,682,200.50","40,682,200.50",Information Technology,2239244,US1265011056,New York Stock Exchange Inc.
GOV,GOVERNMENT PROPERTIES INCOME TRUST,Equity,0.11,13.72,"2,953,273.00","40,518,905.56","40,518,905.56",Real Estate,B4ZG8D9,US38376A1034,NASDAQ
CROX,CROCS INC,Equity,0.11,12.24,"3,298,378.00","40,372,146.72","40,372,146.72",Consumer Discretionary,B0T7Z62,US2270461096,NASDAQ
CAMP,CALAMP CORP,Equity,0.11,23.4,"1,713,111.00","40,086,797.40","40,086,797.40",Information Technology,2164700,US1281261099,NASDAQ
SCSC,SCANSOURCE INC,Equity,0.11,32.75,"1,222,311.00","40,030,685.25","40,030,685.25",Information Technology,2767756,US8060371072,NASDAQ
DEA,EASTERLY GOVERNMENT PROPERTIES INC,Equity,0.11,19.04,"2,101,891.00","40,020,004.64","40,020,004.64",Real Estate,BVSS693,US27616P1030,New York Stock Exchange Inc.
KOP,KOPPERS HOLDINGS INC,Equity,0.11,40.4,"986,878.00","39,869,871.20","39,869,871.20",Materials,B0X46B1,US50060P1066,New York Stock Exchange Inc.
RTEC,RUDOLPH TECHNOLOGIES INC,Equity,0.11,26.55,"1,497,570.00","39,760,483.50","39,760,483.50",Information Technology,2518415,US7812701032,New York Stock Exchange Inc.
HLX,HELIX ENERGY SOLUTIONS GROUP INC,Equity,0.11,5.96,"6,659,159.00","39,688,587.64","39,688,587.64",Energy,2037062,US42330P1075,New York Stock Exchange Inc.
CEIX,CONSOL ENERGY INC,Equity,0.11,31.69,"1,247,098.00","39,520,535.62","39,520,535.62",Energy,BF4L070,US20854L1089,New York Stock Exchange Inc.
EXTN,EXTERRAN CORP,Equity,0.11,25.87,"1,524,365.00","39,435,322.55","39,435,322.55",Energy,BYMC5T5,US30227H1068,New York Stock Exchange Inc.
LDL,LYDALL INC,Equity,0.11,48.15,"818,736.00","39,422,138.40","39,422,138.40",Industrials,2534671,US5508191062,New York Stock Exchange Inc.
MRTN,MARTEN TRANSPORT LTD,Equity,0.11,21.65,"1,819,641.00","39,395,227.65","39,395,227.65",Industrials,2568357,US5730751089,NASDAQ
CLDT,CHATHAM LODGING TRUST REIT TRUST,Equity,0.11,18.19,"2,162,970.00","39,344,424.30","39,344,424.30",Real Estate,B5LYMC1,US16208T1025,New York Stock Exchange Inc.
TRST,TRUSTCO BANK CORP,Equity,0.11,8.5,"4,586,987.00","38,989,389.50","38,989,389.50",Financials,2906429,US8983491056,NASDAQ
CEVA,CEVA INC,Equity,0.11,36.75,"1,052,807.00","38,690,657.25","38,690,657.25",Information Technology,2986937,US1572101053,NASDAQ
KND,KINDRED HEATHCARE INC,Equity,0.11,9.2,"4,190,267.00","38,550,456.40","38,550,456.40",Health Care,2752677,US4945801037,New York Stock Exchange Inc.
IPHS,INNOPHOS HOLDINGS INC,Equity,0.11,41.56,"925,531.00","38,465,068.36","38,465,068.36",Materials,B1GHPN9,US45774N1081,NASDAQ
MHO,M I HOMES INC,Equity,0.11,29.05,"1,322,990.00","38,432,859.50","38,432,859.50",Consumer Discretionary,2549385,US55305B1017,New York Stock Exchange Inc.
LMNX,LUMINEX CORP,Equity,0.11,19.61,"1,956,754.00","38,371,945.94","38,371,945.94",Health Care,2572109,US55027E1029,NASDAQ
CBL,CBL AND ASSOCIATES PROPERTIES REIT,Equity,0.11,4.63,"8,217,627.00","38,047,613.01","38,047,613.01",Real Estate,2167475,US1248301004,New York Stock Exchange Inc.
CATM,CARDTRONICS PLC CLASS A,Equity,0.11,22.38,"1,687,827.00","37,773,568.26","37,773,568.26",Information Technology,BYT1841,GB00BYT18414,NASDAQ
LPSN,LIVEPERSON INC,Equity,0.1,14.45,"2,609,439.00","37,706,393.55","37,706,393.55",Information Technology,2577052,US5381461012,NASDAQ
GCO,GENESCO INC,Equity,0.1,39.3,"953,120.00","37,457,616.00","37,457,616.00",Consumer Discretionary,2367101,US3715321028,New York Stock Exchange Inc.
BJRI,BJS RESTAURANTS INC,Equity,0.1,43.5,"861,044.00","37,455,414.00","37,455,414.00",Consumer Discretionary,2200552,US09180C1062,NASDAQ
CMO,CAPSTEAD MORTGAGE REIT CORP,Equity,0.1,8.35,"4,463,201.00","37,267,728.35","37,267,728.35",Financials,2771984,US14067E5069,New York Stock Exchange Inc.
GTY,GETTY REALTY REIT CORP,Equity,0.1,23.6,"1,571,095.00","37,077,842.00","37,077,842.00",Real Estate,2698146,US3742971092,New York Stock Exchange Inc.
ACLS,AXCELIS TECHNOLOGIES INC,Equity,0.1,24.45,"1,514,214.00","37,022,532.30","37,022,532.30",Information Technology,BD420Q8,US0545402085,NASDAQ
CIR,CIRCOR INTERNATIONAL INC,Equity,0.1,47,"778,774.00","36,602,378.00","36,602,378.00",Industrials,2496384,US17273K1097,New York Stock Exchange Inc.
HMST,HOMESTREET INC,Equity,0.1,28.7,"1,273,480.00","36,548,876.00","36,548,876.00",Financials,B4WHS46,US43785V1026,NASDAQ
ANIK,ANIKA THERAPEUTICS INC,Equity,0.1,52.05,"700,144.00","36,442,495.20","36,442,495.20",Health Care,2035754,US0352551081,NASDAQ
SSP,EW SCRIPPS CLASS A,Equity,0.1,13.77,"2,638,128.00","36,327,022.56","36,327,022.56",Consumer Discretionary,2862532,US8110544025,New York Stock Exchange Inc.
PAHC,PHIBRO ANIMAL HEALTH CORP CLASS A,Equity,0.1,38.45,"940,514.00","36,162,763.30","36,162,763.30",Health Care,BL95N25,US71742Q1067,NASDAQ
ADTN,ADTRAN INC,Equity,0.1,15.65,"2,300,339.00","36,000,305.35","36,000,305.35",Information Technology,2052924,US00738A1060,NASDAQ
CNSL,CONSOLIDATED COMMUNICATIONS HOLDIN,Equity,0.1,11.56,"3,107,011.00","35,917,047.16","35,917,047.16",Telecommunications,B07LSQ7,US2090341072,NASDAQ
AMAG,AMAG PHARMACEUTICALS INC,Equity,0.1,21.05,"1,703,986.00","35,868,905.30","35,868,905.30",Health Care,2008121,US00163U1060,NASDAQ
AEGN,AEGION CORP,Equity,0.1,22.96,"1,553,806.00","35,675,385.76","35,675,385.76",Industrials,B764L34,US00770F1049,NASDAQ
UCTT,ULTRA CLEAN HOLDINGS INC,Equity,0.1,19.26,"1,848,355.00","35,599,317.30","35,599,317.30",Information Technology,B00G0F2,US90385V1070,NASDAQ
ENVA,ENOVA INTERNATIONAL INC,Equity,0.1,22,"1,610,710.00","35,435,620.00","35,435,620.00",Financials,BRYQ4L1,US29357K1034,New York Stock Exchange Inc.
RGR,STURM RUGER INC,Equity,0.1,43.05,"823,159.00","35,436,994.95","35,436,994.95",Consumer Discretionary,2856289,US8641591081,New York Stock Exchange Inc.
UFCS,UNITED FIRE GROUP INC,Equity,0.1,44.48,"795,928.00","35,402,877.44","35,402,877.44",Financials,B4WXG84,US9103401082,NASDAQ
PEI,PENNSYLVANIA REAL ESTATE INVESTMEN,Equity,0.1,10.44,"3,377,356.00","35,259,596.64","35,259,596.64",Real Estate,2680767,US7091021078,New York Stock Exchange Inc.
AFAM,ALMOST FAMILY INC,Equity,0.1,58.95,"586,806.00","34,592,213.70","34,592,213.70",Health Care,2796448,US0204091088,NASDAQ
SHAK,SHAKE SHACK INC CLASS A,Equity,0.1,38.99,"884,502.00","34,486,732.98","34,486,732.98",Consumer Discretionary,BV0LCR0,US8190471016,New York Stock Exchange Inc.
IPAR,INTER PARFUMS INC,Equity,0.1,42.4,"812,460.00","34,448,304.00","34,448,304.00",Consumer Staples,2473150,US4583341098,NASDAQ
IRT,INDEPENDENCE REALTY INC TRUST,Equity,0.1,8.52,"4,018,291.00","34,235,839.32","34,235,839.32",Real Estate,BCRYTK1,US45378A1060,New York Stock Exchange Inc.
GPRE,GREEN PLAINS INC,Equity,0.1,18.3,"1,870,639.00","34,232,693.70","34,232,693.70",Energy,B11FJD6,US3932221043,NASDAQ
REI,RING ENERGY INC,Equity,0.1,13.57,"2,517,138.00","34,157,562.66","34,157,562.66",Energy,B1TGYD6,US76680V1089,Nyse Mkt Llc
MDXG,MIMEDX GROUP INC,Equity,0.1,7.09,"4,813,584.00","34,128,310.56","34,128,310.56",Health Care,B1Z3TW5,US6024961012,NASDAQ
CPF,CENTRAL PACIFIC FINANCIAL CORP,Equity,0.09,27.87,"1,217,758.00","33,938,915.46","33,938,915.46",Financials,2230946,US1547604090,New York Stock Exchange Inc.
UEIC,UNIVERSAL ELECTRONICS INC,Equity,0.09,49.5,"685,192.00","33,917,004.00","33,917,004.00",Consumer Discretionary,2911683,US9134831034,NASDAQ
NFBK,NORTHFIELD BANCORP INC,Equity,0.09,15.52,"2,185,096.00","33,912,689.92","33,912,689.92",Financials,B8NB2R6,US66611T1088,NASDAQ
NR,NEWPARK RESOURCES INC,Equity,0.09,8.25,"4,107,503.00","33,886,899.75","33,886,899.75",Energy,2636878,US6517185046,New York Stock Exchange Inc.
RUTH,RUTHS HOSPITALITY GROUP INC,Equity,0.09,24.55,"1,380,285.00","33,885,996.75","33,885,996.75",Consumer Discretionary,B0G4KC7,US7833321091,NASDAQ
WLH,WILLIAM LYON HOMES CLASS A,Equity,0.09,25.28,"1,338,873.00","33,846,709.44","33,846,709.44",Consumer Discretionary,B9C60K8,US5520747008,New York Stock Exchange Inc.
UHT,UNIVERSAL HEALTH REALTY INCOME TRU,Equity,0.09,55.36,"604,055.00","33,440,484.80","33,440,484.80",Real Estate,2927497,US91359E1055,New York Stock Exchange Inc.
PRSC,PROVIDENCE SERVICE CORP,Equity,0.09,63.56,"524,641.00","33,346,181.96","33,346,181.96",Health Care,2918576,US7438151026,NASDAQ
ECHO,ECHO GLOBAL LOGISTICS INC,Equity,0.09,26.45,"1,257,160.00","33,251,882.00","33,251,882.00",Industrials,B4M7GZ3,US27875T1016,NASDAQ
SXC,SUNCOKE ENERGY INC,Equity,0.09,10.68,"3,111,533.00","33,231,172.44","33,231,172.44",Materials,B3R0638,US86722A1034,New York Stock Exchange Inc.
CKH,SEACOR HOLDINGS INC,Equity,0.09,41.51,"799,502.00","33,187,328.02","33,187,328.02",Energy,2797838,US8119041015,New York Stock Exchange Inc.
RRGB,RED ROBIN GOURMET BURGERS INC,Equity,0.09,53.65,"618,496.00","33,182,310.40","33,182,310.40",Consumer Discretionary,2966144,US75689M1018,NASDAQ
SMCI,SUPER MICRO COMPUTER INC,Equity,0.09,18.1,"1,820,825.00","32,956,932.50","32,956,932.50",Information Technology,B1VQR35,US86800U1043,NASDAQ
AROC,ARCHROCK INC,Equity,0.09,9.5,"3,433,511.00","32,618,354.50","32,618,354.50",Energy,BYRGSX7,US03957W1062,New York Stock Exchange Inc.
EZPW,EZCORP NON VOTING INC CLASS A,Equity,0.09,13,"2,486,563.00","32,325,319.00","32,325,319.00",Financials,2326287,US3023011063,NASDAQ
NANO,NANOMETRICS INC,Equity,0.09,26.39,"1,217,899.00","32,140,354.61","32,140,354.61",Information Technology,2622220,US6300771051,NASDAQ
PRFT,PERFICIENT INC,Equity,0.09,19.47,"1,644,439.00","32,017,227.33","32,017,227.33",Information Technology,2442547,US71375U1016,NASDAQ
LL,LUMBER LIQUIDATORS HOLDINGS INC,Equity,0.09,23.16,"1,373,426.00","31,808,546.16","31,808,546.16",Consumer Discretionary,B5KKQN9,US55003T1079,New York Stock Exchange Inc.
CBB,CINCINNATI BELL INC,Equity,0.09,16.15,"1,969,331.00","31,804,695.65","31,804,695.65",Telecommunications,BD5CWW7,US1718715022,New York Stock Exchange Inc.
MED,MEDIFAST INC,Equity,0.09,63.79,"496,276.00","31,657,446.04","31,657,446.04",Consumer Staples,2934033,US58470H1014,New York Stock Exchange Inc.
HT,HERSHA HOSPITALITY REIT TRUST CLAS,Equity,0.09,16.8,"1,870,880.00","31,430,784.00","31,430,784.00",Real Estate,BYYTSK6,US4278255009,New York Stock Exchange Inc.
ITG,INVESTMENT TECHNOLOGY GROUP INC,Equity,0.09,19.82,"1,582,941.00","31,373,890.62","31,373,890.62",Financials,2472759,US46145F1057,New York Stock Exchange Inc.
EXTR,EXTREME NETWORKS INC,Equity,0.09,11.41,"2,748,783.00","31,363,614.03","31,363,614.03",Information Technology,2407052,US30226D1063,NASDAQ
AMPH,AMPHASTAR PHARMACEUTICALS INC,Equity,0.09,18.36,"1,704,941.00","31,302,716.76","31,302,716.76",Health Care,BNFWZS4,US03209R1032,NASDAQ
ATNI,ATN INTERNATIONAL INC,Equity,0.09,59.9,"518,273.00","31,044,552.70","31,044,552.70",Telecommunications,BDC84D3,US00215F1075,NASDAQ
TMST,TIMKENSTEEL CORP,Equity,0.09,16.36,"1,877,150.00","30,710,174.00","30,710,174.00",Materials,BNBPMX1,US8873991033,New York Stock Exchange Inc.
TWI,TITAN INTERNATIONAL INC,Equity,0.09,12.86,"2,386,615.00","30,691,868.90","30,691,868.90",Industrials,2890265,US88830M1027,New York Stock Exchange Inc.
WRLD,WORLD ACCEPTANCE CORP,Equity,0.09,107.52,"284,886.00","30,630,942.72","30,630,942.72",Financials,2981181,US9814191048,NASDAQ
CRY,CRYOLIFE INC,Equity,0.08,18.95,"1,608,304.00","30,477,360.80","30,477,360.80",Health Care,2239017,US2289031005,New York Stock Exchange Inc.
CLW,CLEARWATER PAPER CORP,Equity,0.08,37.6,"792,217.00","29,787,359.20","29,787,359.20",Materials,B3K9Z35,US18538R1032,New York Stock Exchange Inc.
HSTM,HEALTHSTREAM INC,Equity,0.08,24.16,"1,230,617.00","29,731,706.72","29,731,706.72",Health Care,2577870,US42222N1037,NASDAQ
CUTR,CUTERA INC,Equity,0.08,45.05,"655,912.00","29,548,835.60","29,548,835.60",Health Care,2839741,US2321091082,NASDAQ
INTL,INTL FCSTONE INC,Equity,0.08,39.65,"744,374.00","29,514,429.10","29,514,429.10",Financials,2456441,US46116V1052,NASDAQ
ORIT,ORITANI FINANCIAL CORP,Equity,0.08,15.6,"1,891,361.00","29,505,231.60","29,505,231.60",Financials,B3SLD95,US68633D1037,NASDAQ
SPTN,SPARTANNASH,Equity,0.08,16.77,"1,746,329.00","29,285,937.33","29,285,937.33",Consumer Staples,BN40158,US8472151005,NASDAQ
ANGO,ANGIODYNAMICS INC,Equity,0.08,16.29,"1,765,118.00","28,753,772.22","28,753,772.22",Health Care,B00CR04,US03475V1017,NASDAQ
ETH,ETHAN ALLEN INC,Equity,0.08,23.75,"1,208,284.00","28,696,745.00","28,696,745.00",Consumer Discretionary,2320825,US2976021046,New York Stock Exchange Inc.
CRZO,CARRIZO OIL AND GAS INC,Equity,0.08,14.05,"2,037,222.00","28,622,969.10","28,622,969.10",Energy,2092801,US1445771033,NASDAQ
ESIO,ELECTRO SCIENTIFIC INDUSTRIES INC,Equity,0.08,17.93,"1,594,550.00","28,590,281.50","28,590,281.50",Information Technology,2310440,US2852291002,NASDAQ
BKE,BUCKLE INC,Equity,0.08,21.05,"1,355,897.00","28,541,631.85","28,541,631.85",Consumer Discretionary,2149934,US1184401065,New York Stock Exchange Inc.
CYH,COMMUNITY HEALTH SYSTEMS INC,Equity,0.08,5.12,"5,554,108.00","28,437,032.96","28,437,032.96",Health Care,2600248,US2036681086,New York Stock Exchange Inc.
QSII,QUALITY SYSTEMS INC,Equity,0.08,12.55,"2,261,626.00","28,383,406.30","28,383,406.30",Health Care,2715391,US7475821044,NASDAQ
UFI,UNIFI INC,Equity,0.08,35,"809,804.00","28,343,140.00","28,343,140.00",Consumer Discretionary,2911865,US9046772003,New York Stock Exchange Inc.
BFS,SAUL CENTERS REIT INC,Equity,0.08,48.93,"578,181.00","28,290,396.33","28,290,396.33",Real Estate,2777777,US8043951016,New York Stock Exchange Inc.
AHH,ARMADA HOFFLER PROPERTIES REIT INC,Equity,0.08,13.08,"2,148,639.00","28,104,198.12","28,104,198.12",Real Estate,B96FTB5,US04208T1088,New York Stock Exchange Inc.
VIVO,MERIDIAN BIOSCIENCE INC,Equity,0.08,13.95,"2,006,865.00","27,995,766.75","27,995,766.75",Health Care,2580265,US5895841014,NASDAQ
NX,QUANEX BUILDING PRODUCTS CORP,Equity,0.08,16.75,"1,668,653.00","27,949,937.75","27,949,937.75",Industrials,B2QXCJ9,US7476191041,New York Stock Exchange Inc.
DFIN,DONNELLEY FINANCIAL SOLUTIONS INC,Equity,0.08,17.31,"1,596,640.00","27,637,838.40","27,637,838.40",Financials,BYND5T7,US25787G1004,New York Stock Exchange Inc.
ANIP,ANI PHARMACEUTICALS INC,Equity,0.08,64.07,"431,277.00","27,631,917.39","27,631,917.39",Health Care,BCDWBX6,US00182C1036,NASDAQ
FOSL,FOSSIL GROUP INC,Equity,0.08,13.38,"2,032,745.00","27,198,128.10","27,198,128.10",Consumer Discretionary,BBGT609,US34988V1061,NASDAQ
GFF,GRIFFON CORP,Equity,0.08,18.7,"1,448,040.00","27,078,348.00","27,078,348.00",Industrials,2463344,US3984331021,New York Stock Exchange Inc.
COHU,COHU INC,Equity,0.08,20.03,"1,345,714.00","26,954,651.42","26,954,651.42",Information Technology,2208426,US1925761066,NASDAQ
IVC,INVACARE CORP,Equity,0.07,17.2,"1,563,932.00","26,899,630.40","26,899,630.40",Health Care,2467971,US4612031017,New York Stock Exchange Inc.
RGS,REGIS CORP,Equity,0.07,16.09,"1,658,546.00","26,686,005.14","26,686,005.14",Consumer Discretionary,2730327,US7589321071,New York Stock Exchange Inc.
DCOM,DIME COMMUNITY BANCSHARES INC,Equity,0.07,18,"1,467,928.00","26,422,704.00","26,422,704.00",Financials,2034148,US2539221083,NASDAQ
AAOI,APPLIED OPTOELECTRONICS INC,Equity,0.07,27.93,"939,091.00","26,228,811.63","26,228,811.63",Information Technology,BDW0D09,US03823U1025,NASDAQ
FTR,FRONTIER COMMUNICATIONS CORP,Equity,0.07,7.03,"3,680,994.00","25,877,387.82","25,877,387.82",Telecommunications,BF0HZC2,US35906A3068,NASDAQ
PLAB,PHOTRONICS INC,Equity,0.07,7.8,"3,281,932.00","25,599,069.60","25,599,069.60",Information Technology,2687315,US7194051022,NASDAQ
MCS,THE MARCUS CORP,Equity,0.07,27,"934,353.00","25,227,531.00","25,227,531.00",Consumer Discretionary,2564827,US5663301068,New York Stock Exchange Inc.
CMTL,COMTECH TELECOMMUNICATIONS CORP,Equity,0.07,22.1,"1,139,821.00","25,190,044.10","25,190,044.10",Information Technology,2215341,US2058262096,NASDAQ
GNBC,GREEN BANCORP INC,Equity,0.07,21.8,"1,155,256.00","25,184,580.80","25,184,580.80",Financials,BPPWW98,US39260X1000,NASDAQ
MYRG,MYR GROUP INC,Equity,0.07,32.35,"778,461.00","25,183,213.35","25,183,213.35",Industrials,B3CLS18,US55405W1045,NASDAQ
RRD,RR DONNELLEY AND SONS,Equity,0.07,7.54,"3,316,181.00","25,004,004.74","25,004,004.74",Industrials,BYND5W0,US2578672006,New York Stock Exchange Inc.
LMAT,LEMAITRE VASCULAR INC,Equity,0.07,34.76,"714,630.00","24,840,538.80","24,840,538.80",Health Care,B1G6TJ0,US5255582018,NASDAQ
LKSD,LSC COMMUNICATIONS INC,Equity,0.07,14.56,"1,695,520.00","24,686,771.20","24,686,771.20",Industrials,BYND5V9,US50218P1075,New York Stock Exchange Inc.
HAYN,HAYNES INTERNATIONAL INC,Equity,0.07,41.6,"591,754.00","24,616,966.40","24,616,966.40",Materials,B02WVH7,US4208772016,NASDAQ
AVD,AMER VANGUARD CORP,Equity,0.07,19.5,"1,260,559.00","24,580,900.50","24,580,900.50",Materials,2025711,US0303711081,New York Stock Exchange Inc.
IIIN,INSTEEL INDUSTRIES INC,Equity,0.07,28.24,"869,344.00","24,550,274.56","24,550,274.56",Industrials,2325875,US45774W1080,NASDAQ
UBA,URSTADT BIDDLE PROPERTIES REIT INC,Equity,0.07,17.52,"1,399,794.00","24,524,390.88","24,524,390.88",Real Estate,2256522,US9172862057,New York Stock Exchange Inc.
GHL,GREENHILL INC,Equity,0.07,20.35,"1,195,327.00","24,324,904.45","24,324,904.45",Financials,B00G8B4,US3952591044,New York Stock Exchange Inc.
TTEC,TTEC HOLDINGS INC,Equity,0.07,35.65,"677,493.00","24,152,625.45","24,152,625.45",Information Technology,BF950B1,US89854H1023,NASDAQ
JBSS,JOHN B SANFILIPPO AND SON INC,Equity,0.07,57.74,"418,132.00","24,142,941.68","24,142,941.68",Consumer Staples,2772998,US8004221078,NASDAQ
HIBB,HIBBETT SPORTS INC,Equity,0.07,25.75,"933,452.00","24,036,389.00","24,036,389.00",Consumer Discretionary,2428376,US4285671016,NASDAQ
HSII,HEIDRICK AND STRUGGLES INTERNATION,Equity,0.07,26.4,"905,855.00","23,914,572.00","23,914,572.00",Industrials,2413071,US4228191023,NASDAQ
TISI,TEAM INC,Equity,0.07,16.35,"1,459,571.00","23,863,985.85","23,863,985.85",Industrials,2879123,US8781551002,New York Stock Exchange Inc.
APEI,AMERICAN PUBLIC EDUCATION INC,Equity,0.07,30.75,"773,738.00","23,792,443.50","23,792,443.50",Consumer Discretionary,B292GM4,US02913V1035,NASDAQ
LION,FIDELITY SOUTHERN CORP,Equity,0.07,22.51,"1,054,845.00","23,744,560.95","23,744,560.95",Financials,2348429,US3163941053,NASDAQ
OPB,OPUS BANK,Equity,0.07,28.05,"842,293.00","23,626,318.65","23,626,318.65",Financials,BLNMST4,US6840001027,NASDAQ
EGL,ENGILITY HOLDINGS INC,Equity,0.07,27.31,"856,186.00","23,382,439.66","23,382,439.66",Industrials,BVWVSS1,US29286C1071,New York Stock Exchange Inc.
LCI,LANNETT COMPANY INC,Equity,0.07,16,"1,459,844.00","23,357,504.00","23,357,504.00",Health Care,2447694,US5160121019,New York Stock Exchange Inc.
MOV,MOVADO GROUP INC,Equity,0.06,31,"753,162.00","23,348,022.00","23,348,022.00",Consumer Discretionary,2643168,US6245801062,New York Stock Exchange Inc.
BRS,BRISTOW GROUP INC,Equity,0.06,14.76,"1,571,482.00","23,195,074.32","23,195,074.32",Energy,2656229,US1103941035,New York Stock Exchange Inc.
SAH,SONIC AUTOMOTIVE INC CLASS A,Equity,0.06,19.6,"1,181,760.00","23,162,496.00","23,162,496.00",Consumer Discretionary,2125246,US83545G1022,New York Stock Exchange Inc.
CTRL,CONTROL4 CORP,Equity,0.06,24.04,"959,960.00","23,077,438.40","23,077,438.40",Information Technology,BC163D4,US21240D1072,NASDAQ
WSR,WHITESTONE REIT,Equity,0.06,12.34,"1,868,506.00","23,057,364.04","23,057,364.04",Real Estate,B6452T5,US9660842041,New York Stock Exchange Inc.
MCRI,MONARCH CASINO AND RESORT INC,Equity,0.06,42.23,"543,895.00","22,968,685.85","22,968,685.85",Consumer Discretionary,2599197,US6090271072,NASDAQ
CCRN,CROSS COUNTRY HEALTHCARE INC,Equity,0.06,12.95,"1,764,198.00","22,846,364.10","22,846,364.10",Health Care,2809056,US2274831047,NASDAQ
PGNX,PROGENICS PHARMACEUTICALS INC,Equity,0.06,6.68,"3,417,025.00","22,825,727.00","22,825,727.00",Health Care,2152501,US7431871067,NASDAQ
DXPE,DXP ENTERPRISES INC,Equity,0.06,29.74,"759,552.00","22,589,076.48","22,589,076.48",Industrials,2276627,US2333774071,NASDAQ
REX,REX AMERICAN RESOURCES CORP,Equity,0.06,80.72,"279,841.00","22,588,765.52","22,588,765.52",Energy,2063670,US7616241052,New York Stock Exchange Inc.
HZO,MARINEMAX INC,Equity,0.06,20.9,"1,079,037.00","22,551,873.30","22,551,873.30",Consumer Discretionary,2250353,US5679081084,New York Stock Exchange Inc.
CRVL,CORVEL CORP,Equity,0.06,48.95,"458,046.00","22,421,351.70","22,421,351.70",Health Care,2347277,US2210061097,NASDAQ
OFG,OFG BANCORP,Equity,0.06,10.75,"2,082,711.00","22,389,143.25","22,389,143.25",Financials,B87LKR8,PR67103X1020,New York Stock Exchange Inc.
XOXO,XO GROUP INC,Equity,0.06,19.27,"1,161,829.00","22,388,444.83","22,388,444.83",Information Technology,2526991,US9837721045,New York Stock Exchange Inc.
FRGI,FIESTA RESTAURANT GROUP INC,Equity,0.06,17,"1,316,347.00","22,377,899.00","22,377,899.00",Consumer Discretionary,B7V5P52,US31660B1017,NASDAQ
TCMD,TACTILE SYSTEMS TECHNOLOGY INC,Equity,0.06,32.36,"691,274.00","22,369,626.64","22,369,626.64",Health Care,BZB1XF2,US87357P1003,NASDAQ
QNST,QUINSTREET INC,Equity,0.06,13.13,"1,696,446.00","22,274,335.98","22,274,335.98",Information Technology,B3PGPB9,US74874Q1004,NASDAQ
EGRX,EAGLE PHARMACEUTICALS INC,Equity,0.06,56.14,"392,955.00","22,060,493.70","22,060,493.70",Health Care,BJH7VB4,US2697961082,NASDAQ
CHUY,CHUYS HOLDINGS INC,Equity,0.06,27,"815,928.00","22,030,056.00","22,030,056.00",Consumer Discretionary,B88WMY1,US1716041017,NASDAQ
NPK,NATIONAL PRESTO INDUSTRIES INC,Equity,0.06,90.8,"240,822.00","21,866,637.60","21,866,637.60",Industrials,2626802,US6372151042,New York Stock Exchange Inc.
RECN,RESOURCES CONNECTION INC,Equity,0.06,15.55,"1,396,586.00","21,716,912.30","21,716,912.30",Industrials,2697853,US76122Q1058,NASDAQ
BBG,BILL BARRETT CORP,Equity,0.06,4.53,"4,746,902.00","21,503,466.06","21,503,466.06",Energy,B04M3T1,US06846N1046,New York Stock Exchange Inc.
LNTH,LANTHEUS HOLDINGS INC,Equity,0.06,15.3,"1,401,870.00","21,448,611.00","21,448,611.00",Health Care,BP8S8J5,US5165441032,NASDAQ
DEPO,DEPOMED INC,Equity,0.06,6.87,"3,064,657.00","21,054,193.59","21,054,193.59",Health Care,2100179,US2499081048,NASDAQ
PARR,PAR PACIFIC HOLDINGS INC,Equity,0.06,17.02,"1,235,009.00","21,019,853.18","21,019,853.18",Energy,BJH08C3,US69888T2078,New York Stock Exchange Inc.
HSKA,HESKA CORP,Equity,0.06,67.98,"308,561.00","20,975,976.78","20,975,976.78",Health Care,B44C366,US42805E3062,NASDAQ
VICR,VICOR CORP,Equity,0.06,25.75,"802,834.00","20,672,975.50","20,672,975.50",Industrials,2930774,US9258151029,NASDAQ
TTI,TETRA TECHNOLOGIES INC,Equity,0.06,3.63,"5,610,554.00","20,366,311.02","20,366,311.02",Energy,2884280,US88162F1057,New York Stock Exchange Inc.
BH,BIGLARI HOLDINGS INC,Equity,0.06,419.21,"47,599.00","19,953,976.79","19,953,976.79",Consumer Discretionary,2843430,US08986R1014,New York Stock Exchange Inc.
MYE,MYERS INDUSTRIES INC,Equity,0.06,18.95,"1,049,263.00","19,883,533.85","19,883,533.85",Materials,2613086,US6284641098,New York Stock Exchange Inc.
TG,TREDEGAR CORP,Equity,0.06,15.95,"1,239,316.00","19,767,090.20","19,767,090.20",Materials,2903345,US8946501009,New York Stock Exchange Inc.
FORR,FORRESTER RESEARCH INC,Equity,0.05,40.5,"483,601.00","19,585,840.50","19,585,840.50",Industrials,2398855,US3465631097,NASDAQ
RCII,RENT-A-CENTER INC,Equity,0.05,7.52,"2,593,557.00","19,503,548.64","19,503,548.64",Consumer Discretionary,2733092,US76009N1000,NASDAQ
UIHC,UNITED INSURANCE HOLDINGS CORP,Equity,0.05,19.55,"989,706.00","19,348,752.30","19,348,752.30",Financials,B292PW7,US9107101027,NASDAQ
SRDX,SURMODICS INC,Equity,0.05,30.1,"640,757.00","19,286,785.70","19,286,785.70",Health Care,2502678,US8688731004,NASDAQ
FINL,FINISH LINE INC CLASS A,Equity,0.05,10.62,"1,809,463.00","19,216,497.06","19,216,497.06",Consumer Discretionary,2349819,US3179231002,NASDAQ
HVT,HAVERTY FURNITURE COMPANIES INC,Equity,0.05,20.35,"943,437.00","19,198,942.95","19,198,942.95",Consumer Discretionary,2414245,US4195961010,New York Stock Exchange Inc.
CHCT,COMMUNITY HEALTHCARE TRUST INC TRU,Equity,0.05,23.54,"814,259.00","19,167,656.86","19,167,656.86",Real Estate,BXC87C3,US20369C1062,New York Stock Exchange Inc.
CYTK,CYTOKINETICS INC,Equity,0.05,7.75,"2,443,830.00","18,939,682.50","18,939,682.50",Health Care,BBBSBJ5,US23282W6057,NASDAQ
ASNA,ASCENA RETAIL GROUP INC,Equity,0.05,2.27,"8,334,782.00","18,919,955.14","18,919,955.14",Consumer Discretionary,B65D9Z3,US04351G1013,NASDAQ
MPAA,MOTORCAR PARTS OF AMERICA INC,Equity,0.05,20.38,"924,450.00","18,840,291.00","18,840,291.00",Consumer Discretionary,2861993,US6200711009,NASDAQ
CENT,CENTRAL GARDEN AND PET,Equity,0.05,38.63,"483,770.00","18,688,035.10","18,688,035.10",Consumer Staples,2183868,US1535271068,NASDAQ
MTRX,MATRIX SERVICE,Equity,0.05,14.3,"1,300,379.00","18,595,419.70","18,595,419.70",Energy,2572068,US5768531056,NASDAQ
USD,USD CASH,Cash,0.05,100,"18,591,825.00","18,591,824.79","18,591,824.79",Cash and/or Derivatives,-,-,-
NLS,NAUTILUS INC,Equity,0.05,11.85,"1,500,679.00","17,783,046.15","17,783,046.15",Consumer Discretionary,2415936,US63910B1026,New York Stock Exchange Inc.
VDSI,VASCO DATA SECURITY INTERNATIONAL,Equity,0.05,12.05,"1,475,794.00","17,783,317.70","17,783,317.70",Information Technology,2245229,US92230Y1047,NASDAQ
ZUMZ,ZUMIEZ INC,Equity,0.05,19.7,"895,998.00","17,651,160.60","17,651,160.60",Consumer Discretionary,B081QB7,US9898171015,NASDAQ
MHLD,MAIDEN HOLDINGS LTD,Equity,0.05,6,"2,837,501.00","17,025,006.00","17,025,006.00",Financials,B2RB076,BMG5753U1128,NASDAQ
FTK,FLOTEK INDUSTRIES INC,Equity,0.05,5.95,"2,810,071.00","16,719,922.45","16,719,922.45",Materials,2816551,US3433891021,New York Stock Exchange Inc.
DAKT,DAKTRONICS INC,Equity,0.05,8.91,"1,870,427.00","16,665,504.57","16,665,504.57",Information Technology,2254010,US2342641097,NASDAQ
PERY,PERRY ELLIS INTERNATIONAL INC,Equity,0.05,26.67,"624,014.00","16,642,453.38","16,642,453.38",Consumer Discretionary,2851701,US2888531041,NASDAQ
SUP,SUPERIOR INDS INC,Equity,0.05,14.45,"1,125,493.00","16,263,373.85","16,263,373.85",Consumer Discretionary,2864141,US8681681057,New York Stock Exchange Inc.
CPSI,COMPUTER PROGRAMS AND SYSTEMS INC,Equity,0.04,29.8,"539,690.00","16,082,762.00","16,082,762.00",Health Care,2872122,US2053061030,NASDAQ
PKE,PARK ELECTROCHEM CORP,Equity,0.04,17.02,"931,071.00","15,846,828.42","15,846,828.42",Information Technology,2671307,US7004162092,New York Stock Exchange Inc.
HWKN,HAWKINS INC,Equity,0.04,33.5,"469,778.00","15,737,563.00","15,737,563.00",Materials,2415594,US4202611095,NASDAQ
SNCR,SYNCHRONOSS TECHNOLOGIES INC,Equity,0.04,9.34,"1,666,119.00","15,561,551.46","15,561,551.46",Information Technology,B17BCQ2,US87157B1035,NASDAQ
CDR,CEDAR REALTY TRUST REIT INC TRUST,Equity,0.04,3.97,"3,901,916.00","15,490,606.52","15,490,606.52",Real Estate,2033242,US1506022094,New York Stock Exchange Inc.
PDFS,PDF SOLUTIONS INC,Equity,0.04,11.14,"1,329,190.00","14,807,176.60","14,807,176.60",Information Technology,2782425,US6932821050,NASDAQ
SPOK,SPOK HOLDINGS INC,Equity,0.04,15.55,"943,670.00","14,674,068.50","14,674,068.50",Telecommunications,BNZB473,US84863T1060,NASDAQ
FF,FUTUREFUEL CORP,Equity,0.04,11.99,"1,218,492.00","14,609,719.08","14,609,719.08",Materials,B3BBRD4,US36116M1062,New York Stock Exchange Inc.
ESND,ESSENDANT INC,Equity,0.04,7.94,"1,824,274.00","14,484,735.56","14,484,735.56",Industrials,BY4K7X5,US2966891028,NASDAQ
DGII,DIGI INTERNATIONAL INC,Equity,0.04,10.45,"1,309,329.00","13,682,488.05","13,682,488.05",Information Technology,2269661,US2537981027,NASDAQ
EHTH,EHEALTH INC,Equity,0.04,16.29,"816,977.00","13,308,555.33","13,308,555.33",Financials,B1G0F83,US28238P1093,NASDAQ
VRTV,VERITIV CORP,Equity,0.04,24.25,"547,484.00","13,276,487.00","13,276,487.00",Industrials,BNBKSP0,US9234541020,New York Stock Exchange Inc.
DSPG,DSP GROUP INC,Equity,0.04,12.15,"1,084,050.00","13,171,207.50","13,171,207.50",Information Technology,2275680,US23332B1061,NASDAQ
HCI,HCI GROUP INC,Equity,0.04,34.63,"369,452.00","12,794,122.76","12,794,122.76",Financials,BBN23F5,US40416E1038,New York Stock Exchange Inc.
SCVL,SHOE CARNIVAL INC,Equity,0.04,23.36,"546,410.00","12,764,137.60","12,764,137.60",Consumer Discretionary,2805474,US8248891090,NASDAQ
BNED,BARNES AND NOBLE EDUCATION INC,Equity,0.04,7.3,"1,742,388.00","12,719,432.40","12,719,432.40",Consumer Discretionary,BYQDT70,US06777U1016,New York Stock Exchange Inc.
CATO,CATO CORP CLASS A,Equity,0.04,11.36,"1,111,358.00","12,625,026.88","12,625,026.88",Consumer Discretionary,2180438,US1492051065,New York Stock Exchange Inc.
BKS,BARNES AND NOBLE INC,Equity,0.03,4.5,"2,741,960.00","12,338,820.00","12,338,820.00",Consumer Discretionary,2081144,US0677741094,New York Stock Exchange Inc.
EXPR,EXPRESS INC,Equity,0.03,7.22,"1,708,079.00","12,332,330.38","12,332,330.38",Consumer Discretionary,B464DZ9,US30219E1038,New York Stock Exchange Inc.
HLIT,HARMONIC INC,Equity,0.03,3.02,"4,021,284.00","12,164,384.10","12,164,384.10",Information Technology,2510659,US4131601027,NASDAQ
CLD,CLOUD PEAK ENERGY INC,Equity,0.03,3.29,"3,672,982.00","12,084,110.78","12,084,110.78",Energy,B57LN89,US18911Q1022,New York Stock Exchange Inc.
SVU,SUPERVALU INC,Equity,0.03,14.23,"802,999.00","11,426,675.77","11,426,675.77",Consumer Staples,BF0FM92,US8685363017,New York Stock Exchange Inc.
POWL,POWELL INDUSTRIES INC,Equity,0.03,26.63,"422,729.00","11,257,273.27","11,257,273.27",Industrials,2697422,US7391281067,NASDAQ
PES,PIONEER ENERGY SERVICES CORP,Equity,0.03,2.75,"3,861,894.00","10,620,208.50","10,620,208.50",Energy,B68D808,US7236641087,New York Stock Exchange Inc.
LOCO,EL POLLO LOCO INC,Equity,0.03,9.75,"1,086,662.00","10,594,954.50","10,594,954.50",Consumer Discretionary,BP857F5,US2686031079,NASDAQ
ACET,ACETO CORP,Equity,0.03,7.17,"1,476,966.00","10,589,846.22","10,589,846.22",Health Care,2004709,US0044461004,NASDAQ
ZEUS,OLYMPIC STEEL INC,Equity,0.03,22.53,"446,695.00","10,064,038.35","10,064,038.35",Materials,2659013,US68162K1060,NASDAQ
ERA,ERA GROUP INC,Equity,0.03,9.45,"1,041,887.00","9,845,832.15","9,845,832.15",Energy,B8KM2D8,US26885G1094,New York Stock Exchange Inc.
FRAN,FRANCESCAS HOLDINGS CORP,Equity,0.03,5.21,"1,846,651.00","9,621,051.71","9,621,051.71",Consumer Discretionary,B4RM4H1,US3517931040,NASDAQ
KOPN,KOPIN CORP,Equity,0.03,3.06,"3,120,388.00","9,548,387.28","9,548,387.28",Information Technology,2492412,US5006001011,NASDAQ
VRA,VERA BRADLEY INC,Equity,0.03,10.06,"937,333.00","9,429,569.98","9,429,569.98",Consumer Discretionary,B4626P4,US92335C1062,NASDAQ
SENEA,SENECA FOODS CORP CLASS A,Equity,0.03,29.1,"318,874.00","9,279,233.40","9,279,233.40",Consumer Staples,2781626,US8170705011,NASDAQ
TTS,TILE SHOP HOLDINGS INC,Equity,0.02,5.4,"1,622,722.00","8,762,698.80","8,762,698.80",Consumer Discretionary,B8394K7,US88677Q1094,NASDAQ
ORN,ORION GROUP INC,Equity,0.02,6.28,"1,355,627.00","8,513,337.56","8,513,337.56",Industrials,B1WTHL1,US68628V3087,New York Stock Exchange Inc.
LQDT,LIQUIDITY SERVICES INC,Equity,0.02,6.85,"1,237,402.00","8,476,203.70","8,476,203.70",Information Technology,B0ZN8Z4,US53635B1070,NASDAQ
QHC,QUORUM HEALTH CORP,Equity,0.02,5.94,"1,403,465.00","8,336,582.10","8,336,582.10",Health Care,BYXT6Y7,US74909E1064,New York Stock Exchange Inc.
BELFB,BEL FUSE INC CLASS B,Equity,0.02,17.3,"476,299.00","8,239,972.70","8,239,972.70",Information Technology,2279897,US0773473006,NASDAQ
AGYS,AGILISYS INC,Equity,0.02,11.17,"716,727.00","8,005,840.59","8,005,840.59",Information Technology,2689162,US00847J1051,NASDAQ
CRR,CARBO CERAMICS INC,Equity,0.02,6.8,"1,109,053.00","7,541,560.40","7,541,560.40",Energy,2238821,US1407811058,New York Stock Exchange Inc.
LXU,LSB INDUSTRIES INC,Equity,0.02,7.47,"978,312.00","7,307,990.64","7,307,990.64",Materials,2536882,US5021601043,New York Stock Exchange Inc.
KIRK,KIRKLANDS INC,Equity,0.02,8.76,"814,222.00","7,132,584.72","7,132,584.72",Consumer Discretionary,2960920,US4974981056,NASDAQ
BGFV,BIG SPORTING GOODS CORP,Equity,0.02,6.15,"1,096,035.00","6,740,615.25","6,740,615.25",Consumer Discretionary,2958646,US08915P1012,NASDAQ
GEOS,GEOSPACE TECHNOLOGIES CORP,Equity,0.02,10.23,"645,482.00","6,603,280.86","6,603,280.86",Energy,B89MJ94,US37364X1090,NASDAQ
RRTS,ROADRUNNER TRANSPORTATION SYSTEMS,Equity,0.02,3.83,"1,469,755.00","5,629,161.65","5,629,161.65",Industrials,B3W9403,US76973Q1058,New York Stock Exchange Inc.
GIFI,GULF ISLAND FABRICATION INC,Equity,0.02,8.25,"654,871.00","5,402,685.75","5,402,685.75",Energy,2412636,US4023071024,NASDAQ
JRVR,JAMES RIVER GROUP HOLDINGS LTD,Equity,0.01,32.71,"159,200.00","5,207,432.00","5,207,432.00",Financials,BT8RWQ5,BMG5005R1079,NASDAQ
FTD,FTD INC,Equity,0.01,6.02,"842,955.00","5,074,589.10","5,074,589.10",Consumer Discretionary,BFLR7Y7,US30281V1089,NASDAQ
FRED,FREDS INC CLASS A,Equity,0.01,3.33,"1,500,732.00","4,997,437.56","4,997,437.56",Consumer Discretionary,2354385,US3561081007,NASDAQ
DHX,DHI GROUP INC,Equity,0.01,1.65,"2,421,605.00","3,995,648.25","3,995,648.25",Information Technology,BWX70S9,US23331S1006,New York Stock Exchange Inc.
VSI,VITAMIN SHOPPE INC,Equity,0.01,3.75,"824,787.00","3,092,951.25","3,092,951.25",Consumer Discretionary,B55C7L5,US92849E1010,New York Stock Exchange Inc.
MSFUT,CASH COLLATERAL MSFUT USD,Cash Collateral and Margins,0.01,100,"2,820,000.00","2,820,000.00","2,820,000.00",Cash and/or Derivatives,-,-,-
GRB,GERBER SCIENTIFIC ESCROW,Equity,0,0.01,"349,019.00","3,490.19","3,490.19",Information Technology,2BVFC92,US37373ESC56,New York Stock Exchange Inc.
RTYH8,RUSSELL 2000 EMINI CME MAR 18,Futures,0,"1,511.20",855,0,"64,603,800.00",Cash and/or Derivatives,-,-,Chicago Mercantile Exchange
 ,,,,,,,,,,,
